Aleutians East Borough,AK,355,1,
Aleutians West Census Area,AK,489,0,
Anchorage,AK,26184,151,
Bethel Census Area,AK,3527,18,
Bristol Bay Plus Lake And Peninsula,AK,176,0,
Denali Borough,AK,68,0,
Dillingham Census Area,AK,196,1,
Fairbanks North Star Borough,AK,6058,26,
Haines Borough,AK,24,0,
Juneau City And Borough,AK,1192,3,
Kenai Peninsula Borough,AK,3942,19,
Ketchikan Gateway Borough,AK,330,2,
Kodiak Island Borough,AK,1051,5,
Kusilvak Census Area,AK,1186,3,
Matanuska-Susitna Borough,AK,8284,33,
Nome Census Area,AK,322,0,
North Slope Borough,AK,998,4,
Northwest Arctic Borough,AK,584,1,
Petersburg Borough,AK,48,0,
Prince of Wales-Hyder Census Area,AK,70,1,
Sitka City And Borough,AK,303,0,
Skagway Municipality,AK,18,0,
Southeast Fairbanks Census Area,AK,443,3,
Valdez-Cordova Census Area,AK,461,2,
Wrangell City And Borough,AK,26,0,
Yakutat Plus Hoonah-Angoon,AK,64,1,
Yukon-Koyukuk Census Area,AK,327,4,
Autauga,AL,6079,85,
Baldwin,AL,19361,262,
Barbour,AL,2061,49,
Bibb,AL,2411,58,
Blount,AL,6021,125,
Bullock,AL,1147,33,
Butler,AL,1934,64,
Calhoun,AL,12860,277,
Chambers,AL,3358,99,
Cherokee,AL,1751,37,
Chilton,AL,3772,93,
Choctaw,AL,546,23,
Clarke,AL,3417,48,
Clay,AL,1409,54,
Cleburne,AL,1350,36,
Coffee,AL,5199,94,
Colbert,AL,5959,117,
Conecuh,AL,1063,23,
Coosa,AL,851,23,
Covington,AL,3887,102,
Crenshaw,AL,1419,52,
Cullman,AL,8816,175,
Dale,AL,4580,106,
Dallas,AL,3328,138,
DeKalb,AL,8394,172,
Elmore,AL,9214,178,
Escambia,AL,3727,68,
Etowah,AL,13022,306,
Fayette,AL,1982,54,
Franklin,AL,3954,75,
Geneva,AL,2369,67,
Greene,AL,858,32,
Hale,AL,2044,64,
Henry,AL,1801,41,
Houston,AL,9979,255,
Jackson,AL,6424,99,
Jefferson,AL,69995,1333,
Lamar,AL,1291,32,
Lauderdale,AL,8513,207,
Lawrence,AL,2790,85,
Lee,AL,14766,146,
Limestone,AL,9241,130,
Lowndes,AL,1297,46,
Macon,AL,1391,43,
Madison,AL,31823,431,
Marengo,AL,2289,54,
Marion,AL,2730,92,
Marshall,AL,11147,198,
Mobile,AL,35230,703,
Monroe,AL,1650,38,
Montgomery,AL,22214,481,
Morgan,AL,13464,240,
Perry,AL,1045,27,
Pickens,AL,2209,53,
Pike,AL,2906,70,
Randolph,AL,1600,40,
Russell,AL,3981,30,
Shelby,AL,21509,204,
St. Clair,AL,8682,213,
Sumter,AL,975,31,
Talladega,AL,7373,161,
Tallapoosa,AL,3497,139,
Tuscaloosa,AL,23657,403,
Walker,AL,6426,239,
Washington,AL,1540,32,
Wilcox,AL,1198,25,
Winston,AL,2436,63,
Arkansas,AR,1939,38,
Ashley,AR,1739,33,
Baxter,AR,2769,96,
Benton,AR,26638,382,
Boone,AR,3576,78,
Bradley,AR,1316,31,
Calhoun,AR,387,3,
Carroll,AR,2707,41,
Chicot,AR,1583,40,
Clark,AR,1986,36,
Clay,AR,1660,46,
Cleburne,AR,1862,66,
Cleveland,AR,909,23,
Columbia,AR,2095,53,
Conway,AR,2126,31,
Craighead,AR,12655,175,
Crawford,AR,6673,104,
Crittenden,AR,5620,93,
Cross,AR,1885,47,
Dallas,AR,711,12,
Desha,AR,1301,21,
Drew,AR,1941,35,
Faulkner,AR,11513,148,
Franklin,AR,1596,33,
Fulton,AR,1056,44,
Garland,AR,9456,230,
Grant,AR,1535,32,
Greene,AR,5761,74,
Hempstead,AR,1784,18,
Hot Spring,AR,4703,68,
Howard,AR,1500,24,
Independence,AR,3642,120,
Izard,AR,1639,39,
Jackson,AR,3128,33,
Jefferson,AR,8503,163,
Johnson,AR,2668,31,
Lafayette,AR,492,7,
Lawrence,AR,1991,41,
Lee,AR,1630,35,
Lincoln,AR,3127,42,
Little River,AR,1113,40,
Logan,AR,2154,18,
Lonoke,AR,6643,108,
Madison,AR,1395,21,
Marion,AR,921,30,
Miller,AR,3715,33,
MS,AR,5507,112,
Monroe,AR,819,17,
Montgomery,AR,718,28,
NV,AR,762,24,
Newton,AR,675,26,
Ouachita,AR,2132,50,
Perry,AR,786,8,
Phillips,AR,1672,33,
Pike,AR,947,21,
Poinsett,AR,3052,75,
Polk,AR,1850,62,
Pope,AR,7586,100,
Prairie,AR,856,24,
Pulaski,AR,36593,570,
Randolph,AR,1913,49,
Saline,AR,11232,162,
Scott,AR,920,14,
Searcy,AR,640,15,
Sebastian,AR,14361,257,
Sevier,AR,2551,28,
Sharp,AR,1511,50,
St. Francis,AR,3412,37,
Stone,AR,948,30,
Union,AR,3612,100,
Van Buren,AR,1152,17,
Washington,AR,28991,329,
White,AR,7046,105,
Woodruff,AR,604,10,
Yell,AR,3305,67,
Apache,AZ,10236,365,
Cochise,AZ,10919,260,
Coconino,AZ,16185,306,
Gila,AZ,6333,209,
Graham,AZ,5244,71,
Greenlee,AZ,549,8,
La Paz,AZ,2378,68,
Maricopa,AZ,503012,8783,
Mohave,AZ,20750,624,
Navajo,AZ,15376,478,
Pima,AZ,107793,2144,
Pinal,AZ,45267,741,
Santa Cruz,AZ,7601,166,
Yavapai,AZ,17175,447,
Yuma,AZ,36219,769,
Alameda,CA,79318,1171,
Alpine,CA,77,0,
Amador,CA,3416,38,
Butte,CA,10791,156,
Calaveras,CA,1873,25,
Colusa,CA,2117,13,
Contra Costa,CA,61284,642,
Del Norte,CA,955,5,
El Dorado,CA,8850,91,
Fresno,CA,93734,1356,
Glenn,CA,2664,23,
Humboldt,CA,3067,32,
Imperial,CA,26840,583,
Inyo,CA,1213,34,
Kern,CA,101370,741,
Kings,CA,21797,213,
Lake,CA,3066,39,
Lassen,CA,5558,19,
Los Angeles,CA,1177340,19662,
Madera,CA,15175,201,
Marin,CA,12895,192,
Mariposa,CA,389,7,
Mendocino,CA,3769,42,
Merced,CA,28489,388,
Modoc,CA,446,4,
Mono,CA,1182,4,
Monterey,CA,41787,315,
Napa,CA,8878,67,
Nevada,CA,3852,74,
Orange,CA,258567,3726,
Placer,CA,19520,229,
Plumas,CA,624,6,
Riverside,CA,287534,3633,
Sacramento,CA,91796,1431,
San Benito,CA,5697,57,
San Bernardino,CA,283873,2522,
San Diego,CA,255865,3169,
San Francisco,CA,33653,387,
San Joaquin,CA,65891,1026,
San Luis Obispo,CA,19340,217,
San Mateo,CA,38229,481,
Santa Barbara,CA,31334,392,
Santa Clara,CA,108462,1726,
Santa Cruz,CA,14438,172,
Shasta,CA,10868,172,
Sierra,CA,47,0,
Siskiyou,CA,1701,13,
Solano,CA,29771,161,
Sonoma,CA,27542,291,
Stanislaus,CA,54887,921,
Sutter,CA,8766,94,
Tehama,CA,4528,51,
Trinity,CA,283,5,
Tulare,CA,47399,720,
Tuolumne,CA,3870,56,
Ventura,CA,76442,782,
Yolo,CA,12549,181,
Yuba,CA,5681,36,
Adams,CO,48380,625,
Alamosa,CO,1248,28,
Arapahoe,CO,48362,688,
Archuleta,CO,629,1,
Baca,CO,270,4,
Bent,CO,1469,21,
Boulder,CO,18508,245,
Broomfield,CO,3636,74,
Chaffee,CO,1408,23,
Cheyenne,CO,125,5,
Clear Creek,CO,356,2,
Conejos,CO,428,7,
Costilla,CO,178,2,
Crowley,CO,1954,14,
Custer,CO,164,1,
Delta,CO,2436,58,
Denver,CO,58432,765,
Dolores,CO,66,0,
Douglas,CO,21144,230,
Eagle,CO,4860,20,
El Paso,CO,50710,740,
Elbert,CO,1250,12,
Fremont,CO,5390,46,
Garfield,CO,5010,39,
Gilpin,CO,164,3,
Grand,CO,1226,5,
Gunnison,CO,1181,6,
Hinsdale,CO,17,0,
Huerfano,CO,299,17,
Jackson,CO,51,0,
Jefferson,CO,36348,702,
KIA,CO,91,3,
Kit Carson,CO,524,10,
La Plata,CO,2865,36,
Lake,CO,650,0,
Larimer,CO,19382,218,
Las Animas,CO,980,11,
Lincoln,CO,989,3,
Logan,CO,3704,63,
Mesa,CO,13038,191,
Mineral,CO,62,1,
Moffat,CO,655,22,
Montezuma,CO,1698,22,
Montrose,CO,3184,52,
Morgan,CO,2413,90,
Otero,CO,1831,61,
Ouray,CO,242,3,
Park,CO,534,5,
Phillips,CO,333,12,
Pitkin,CO,1932,4,
Prowers,CO,1156,21,
Pueblo,CO,14853,363,
Rio Blanco,CO,452,3,
Rio Grande,CO,675,12,
Routt,CO,1818,19,
Saguache,CO,311,4,
San Juan,CO,41,0,
San Miguel,CO,797,0,
Sedgwick,CO,191,2,
Summit,CO,2941,7,
Teller,CO,1240,14,
Washington,CO,375,12,
Weld,CO,24974,316,
Yuma,CO,697,17,
Fairfield,CT,78181,2027,
Hartford,CT,68527,2251,
Litchfield,CT,10835,270,
Middlesex,CT,10113,337,
New Haven,CT,69233,1891,
New London,CT,18635,403,
Tolland,CT,7612,159,
Windham,CT,9028,176,
District of Columbia,DC,39461,993,
Kent,DE,13956,281,
New Castle,DE,47842,644,
Sussex,DE,22195,418,
Alachua,FL,22062,206,
Baker,FL,3252,54,
Bay,FL,18169,329,
Bradford,FL,2803,49,
Brevard,FL,32675,721,
Broward,FL,188216,2310,
Calhoun,FL,1598,39,
Charlotte,FL,10450,345,
Citrus,FL,9509,380,
Clay,FL,16462,297,
Collier,FL,29560,440,
Columbia,FL,7571,149,
DeSoto,FL,3652,72,
Dixie,FL,1454,18,
Duval,FL,87272,1075,
Escambia,FL,33047,607,
Flagler,FL,5742,86,
Franklin,FL,1273,13,
Gadsden,FL,5364,80,
Gilchrist,FL,1383,31,
Glades,FL,892,15,
Gulf,FL,1836,35,
Hamilton,FL,1551,21,
Hardee,FL,2749,28,
Hendry,FL,4245,65,
Hernando,FL,10901,387,
Highlands,FL,7056,294,
Hillsborough,FL,108218,1447,
Holmes,FL,2158,42,
Indian River,FL,10701,253,
Jackson,FL,5852,146,
Jefferson,FL,1385,22,
Lafayette,FL,1573,24,
Lake,FL,23786,534,
Lee,FL,56276,864,
Leon,FL,28496,272,
Levy,FL,2799,31,
Liberty,FL,1035,14,
Madison,FL,1950,39,
Manatee,FL,30892,570,
Marion,FL,26832,722,
Martin,FL,10258,273,
Miami-dade,FL,399592,5270,
Monroe,FL,5657,44,
Nassau,FL,7547,107,
Okaloosa,FL,18211,319,
Okeechobee,FL,3485,69,
Orange,FL,111177,1068,
Osceola,FL,35849,417,
Palm Beach,FL,116683,2394,
Pasco,FL,32289,630,
Pinellas,FL,64466,1411,
Polk,FL,55473,1101,
Putnam,FL,5757,120,
Santa Rosa,FL,16696,250,
Sarasota,FL,26352,704,
Seminole,FL,26420,410,
St. Johns,FL,19727,184,
St. Lucie,FL,21407,526,
Sumter,FL,7714,226,
Suwannee,FL,5072,125,
Taylor,FL,2604,41,
Union,FL,1721,70,
Volusia,FL,33560,633,
Wakulla,FL,3132,51,
Walton,FL,6877,81,
Washington,FL,2590,41,
Appling,GA,2166,60,
Atkinson,GA,973,17,
Bacon,GA,1352,33,
Baker,GA,216,7,
Baldwin,GA,4207,106,
Banks,GA,1678,31,
Barrow,GA,8698,113,
Bartow,GA,12573,190,
Ben Hill,GA,2019,73,
Berrien,GA,1656,40,
Bibb,GA,14478,366,
Bleckley,GA,1413,48,
Brantley,GA,1494,27,
Brooks,GA,1257,43,
Bryan,GA,3085,31,
Bulloch,GA,6277,86,
Burke,GA,2340,51,
Butts,GA,2587,71,
Calhoun,GA,563,14,
Camden,GA,3616,30,
Candler,GA,900,54,
Carroll,GA,10332,198,
Catoosa,GA,5433,58,
Charlton,GA,1295,25,
Chatham,GA,20210,355,
Chattahoochee,GA,3029,11,
Chattooga,GA,2536,63,
Cherokee,GA,26558,250,
Clarke,GA,13888,109,
Clay,GA,228,3,
Clayton,GA,22489,370,
Clinch,GA,902,22,
Cobb,GA,68012,873,
Coffee,GA,5117,148,
Colquitt,GA,4315,93,
Columbia,GA,15399,184,
Cook,GA,1670,37,
Coweta,GA,12431,155,
Crawford,GA,613,15,
Crisp,GA,1900,58,
Dade,GA,1245,10,
Dawson,GA,2766,35,
DeKalb,GA,55610,785,
Decatur,GA,2702,63,
Dodge,GA,2078,94,
Dooly,GA,973,39,
Dougherty,GA,7001,272,
Douglas,GA,13052,175,
Early,GA,1109,44,
Echols,GA,449,6,
Effingham,GA,4058,56,
Elbert,GA,2197,57,
Emanuel,GA,2419,77,
Evans,GA,892,20,
Fannin,GA,2135,60,
Fayette,GA,7652,136,
Floyd,GA,10720,189,
Forsyth,GA,19460,144,
Franklin,GA,2511,42,
Fulton,GA,83234,1086,
Gilmer,GA,2737,69,
Glascock,GA,247,16,
Glynn,GA,7429,157,
Gordon,GA,7209,95,
Grady,GA,1977,54,
Greene,GA,1680,48,
Gwinnett,GA,89929,915,
Habersham,GA,4979,138,
Hall,GA,25266,386,
Hancock,GA,864,55,
Haralson,GA,2402,72,
Harris,GA,2268,45,
Hart,GA,2213,49,
Heard,GA,784,16,
Henry,GA,20890,255,
Houston,GA,13068,203,
Irwin,GA,884,25,
Jackson,GA,8880,126,
Jasper,GA,1261,30,
Jeff Davis,GA,1733,43,
Jefferson,GA,1835,54,
Jenkins,GA,802,38,
Johnson,GA,1093,47,
Jones,GA,1856,38,
Lamar,GA,1830,47,
Lanier,GA,730,11,
Laurens,GA,5339,154,
Lee,GA,2549,50,
Liberty,GA,3032,48,
Lincoln,GA,718,19,
Long,GA,780,12,
Lowndes,GA,11292,181,
Lumpkin,GA,2749,55,
Macon,GA,777,25,
Madison,GA,2982,44,
Marion,GA,506,15,
Mcduffie,GA,2241,42,
Mcintosh,GA,715,15,
Meriwether,GA,1815,51,
Miller,GA,757,8,
Mitchell,GA,1935,74,
Monroe,GA,2320,87,
Montgomery,GA,849,20,
Morgan,GA,1883,17,
Murray,GA,4428,68,
Muscogee,GA,14058,341,
Newton,GA,9094,191,
Oconee,GA,3532,61,
Oglethorpe,GA,1369,24,
Paulding,GA,14142,173,
Peach,GA,2388,47,
Pickens,GA,3035,63,
Pierce,GA,2290,49,
Pike,GA,2003,31,
Polk,GA,5141,74,
Pulaski,GA,868,37,
Putnam,GA,1960,46,
Quitman,GA,151,1,
Rabun,GA,1548,44,
Randolph,GA,588,32,
Richmond,GA,22301,408,
Rockdale,GA,6331,139,
Schley,GA,302,3,
Screven,GA,872,21,
Seminole,GA,895,17,
Spalding,GA,5381,151,
Stephens,GA,2949,72,
Stewart,GA,851,21,
Sumter,GA,2407,92,
Talbot,GA,442,15,
Taliaferro,GA,112,1,
Tattnall,GA,2159,56,
Taylor,GA,750,23,
Telfair,GA,1240,50,
Terrell,GA,740,39,
Thomas,GA,4148,112,
Tift,GA,4635,118,
Toombs,GA,3173,100,
Towns,GA,1081,49,
Treutlen,GA,826,22,
Troup,GA,6856,189,
Turner,GA,954,31,
Twiggs,GA,609,34,
Union,GA,2042,65,
Upson,GA,3183,109,
Walker,GA,6415,74,
Walton,GA,9129,205,
Ware,GA,4542,141,
Warren,GA,488,11,
Washington,GA,2036,65,
Wayne,GA,3259,72,
Webster,GA,134,4,
Wheeler,GA,614,23,
White,GA,3025,72,
Whitfield,GA,15742,209,
Wilcox,GA,783,44,
Wilkes,GA,1002,21,
Wilkinson,GA,861,22,
Worth,GA,1674,60,
Hawaii,HI,2256,53,
Honolulu,HI,21928,343,
Kalawao,HI,1,0,
Kauai,HI,182,1,
Maui,HI,2595,30,
Adair,IA,790,26,
Adams,IA,317,3,
Allamakee,IA,1386,41,
Appanoose,IA,1202,47,
Audubon,IA,464,9,
Benton,IA,2320,54,
Black Hawk,IA,14757,284,
Boone,IA,2380,30,
Bremer,IA,2628,53,
Buchanan,IA,1732,27,
Buena Vista,IA,4058,36,
Butler,IA,1570,31,
Calhoun,IA,1274,10,
Carroll,IA,2639,47,
Cass,IA,1241,48,
Cedar,IA,1650,22,
Cerro Gordo,IA,4939,79,
Cherokee,IA,1431,35,
Chickasaw,IA,1180,13,
Clarke,IA,922,20,
Clay,IA,1823,25,
Clayton,IA,1588,53,
Clinton,IA,4914,82,
Crawford,IA,2471,35,
Dallas,IA,9905,88,
Davis,IA,749,23,
Decatur,IA,550,9,
Delaware,IA,1844,38,
Des Moines,IA,4186,56,
Dickinson,IA,1989,38,
Dubuque,IA,12202,191,
Emmet,IA,1136,39,
Fayette,IA,1757,32,
Floyd,IA,1462,38,
Franklin,IA,1082,19,
Fremont,IA,548,9,
Greene,IA,722,10,
Grundy,IA,1294,30,
Guthrie,IA,1074,28,
Hamilton,IA,1719,40,
Hancock,IA,1362,28,
Hardin,IA,1660,35,
Harrison,IA,1650,68,
Henry,IA,2774,35,
Howard,IA,974,21,
Humboldt,IA,1118,23,
Ida,IA,804,32,
Iowa,IA,1365,23,
Jackson,IA,2075,37,
Jasper,IA,3692,65,
Jefferson,IA,1267,32,
Johnson,IA,12906,72,
Jones,IA,2835,54,
Keokuk,IA,904,29,
Kossuth,IA,1941,54,
Lee,IA,3483,51,
Linn,IA,19202,305,
Louisa,IA,1203,41,
Lucas,IA,695,21,
Lyon,IA,1440,41,
Madison,IA,1379,17,
Mahaska,IA,2120,44,
Marion,IA,3346,66,
Marshall,IA,4569,70,
Mills,IA,1461,20,
Mitchell,IA,1189,40,
Monona,IA,757,25,
Monroe,IA,873,27,
Montgomery,IA,958,36,
Muscatine,IA,4138,88,
Obrien,IA,1774,58,
Osceola,IA,667,14,
Page,IA,1692,19,
Palo Alto,IA,988,21,
Plymouth,IA,3630,77,
Pocahontas,IA,804,19,
Polk,IA,50544,537,
Pottawattamie,IA,9666,140,
Poweshiek,IA,1455,29,
Ringgold,IA,495,16,
Sac,IA,1160,17,
Scott,IA,16852,200,
Shelby,IA,1135,32,
Sioux,IA,4719,67,
Story,IA,9363,45,
Tama,IA,1985,64,
Taylor,IA,634,11,
Union,IA,1177,31,
Van Buren,IA,533,17,
Wapello,IA,3877,105,
Warren,IA,5002,69,
Washington,IA,2370,43,
Wayne,IA,443,21,
Webster,IA,4872,85,
Winnebago,IA,1275,30,
Winneshiek,IA,1783,26,
Woodbury,IA,13559,210,
Worth,IA,650,4,
Wright,IA,1716,31,
Ada,ID,46162,428,
Adams,ID,325,3,
Bannock,ID,7758,93,
Bear Lake,ID,342,2,
Benewah,ID,575,7,
Bingham,ID,4198,62,
Blaine,ID,2136,16,
Boise,ID,301,2,
Bonner,ID,2935,30,
Bonneville,ID,11878,143,
Boundary,ID,804,10,
Butte,ID,197,1,
Camas,ID,69,0,
Canyon,ID,24497,271,
Caribou,ID,622,11,
Cassia,ID,2842,25,
Clark,ID,53,0,
Clearwater,ID,993,12,
Custer,ID,229,3,
Elmore,ID,1587,12,
Franklin,ID,1075,15,
Fremont,ID,983,14,
Gem,ID,1688,30,
Gooding,ID,1257,24,
Indiana,ID,1179,17,
Jefferson,ID,2390,21,
Jerome,ID,2484,20,
Kootenai,ID,16463,174,
Latah,ID,2643,6,
Lemhi,ID,492,9,
Lewis,ID,375,6,
Lincoln,ID,483,11,
Madison,ID,6172,21,
Minidoka,ID,2269,29,
Nez Perce,ID,3337,51,
Oneida,ID,324,3,
Owyhee,ID,999,24,
Payette,ID,2371,31,
Power,ID,632,8,
Shoshone,ID,994,32,
Teton,ID,1061,4,
Twin Falls,ID,8948,122,
Valley,ID,790,5,
Washington,ID,1172,21,
Adams,IL,7944,142,
Alexander,IL,442,8,
Bond,IL,1880,29,
Boone,IL,5894,83,
Brown,IL,656,12,
Bureau,IL,3248,86,
Calhoun,IL,472,5,
Carroll,IL,1553,35,
Cass,IL,1868,31,
Champaign,IL,17804,130,
Christian,IL,3264,80,
Clark,IL,1663,37,
Clay,IL,1421,46,
Clinton,IL,5537,98,
Coles,IL,5117,91,
Cook,IL,468690,9790,
Crawford,IL,1994,37,
Cumberland,IL,1175,30,
De Witt,IL,1270,29,
DeKalb,IL,8297,116,
Douglas,IL,2362,37,
DuPage,IL,75587,1260,
Edgar,IL,1532,57,
Edwards,IL,522,11,
Effingham,IL,4473,80,
Fayette,IL,3056,55,
Ford,IL,1542,52,
Franklin,IL,4112,77,
Fulton,IL,2808,52,
Gallatin,IL,432,5,
Greene,IL,1374,44,
Grundy,IL,5012,66,
Hamilton,IL,782,18,
Hancock,IL,1658,39,
Hardin,IL,342,11,
Henderson,IL,491,17,
Henry,IL,4292,83,
Iroquois,IL,2762,61,
Jackson,IL,4565,71,
Jasper,IL,1101,19,
Jefferson,IL,3912,115,
Jersey,IL,2470,63,
Jo Daviess,IL,1593,25,
Johnson,IL,1338,17,
Kane,IL,49986,755,
Kankakee,IL,12291,195,
Kendall,IL,10891,91,
Knox,IL,4988,156,
LaSalle,IL,10582,269,
Lake,IL,58508,984,
Lawrence,IL,2276,33,
Lee,IL,3295,82,
Livingston,IL,4108,85,
Logan,IL,3291,64,
Macon,IL,9373,192,
Macoupin,IL,4306,107,
Madison,IL,27562,521,
Marion,IL,4237,116,
Marshall,IL,830,16,
Mason,IL,1262,42,
Massac,IL,1235,35,
Mcdonough,IL,2299,52,
Mchenry,IL,23914,286,
Mclean,IL,14400,192,
Menard,IL,1024,12,
Mercer,IL,1264,32,
Monroe,IL,4011,80,
Montgomery,IL,3435,73,
Morgan,IL,3619,97,
Moultrie,IL,1477,30,
Ogle,IL,4944,79,
Peoria,IL,16809,273,
Perry,IL,2999,66,
Piatt,IL,1297,20,
Pike,IL,1671,52,
Pope,IL,281,3,
Pulaski,IL,667,5,
Putnam,IL,407,4,
Randolph,IL,3943,82,
Richland,IL,1630,47,
Rock Island,IL,12912,328,
Saline,IL,2261,61,
Sangamon,IL,15904,255,
Schuyler,IL,671,17,
Scott,IL,446,1,
Shelby,IL,2111,36,
St. Clair,IL,27527,503,
Stark,IL,533,22,
Stephenson,IL,4032,92,
Tazewell,IL,13332,271,
Union,IL,2176,37,
Vermilion,IL,8429,130,
Wabash,IL,1293,15,
Warren,IL,1657,46,
Washington,IL,1568,29,
Wayne,IL,1656,47,
White,IL,1587,35,
Whiteside,IL,5914,187,
Will,IL,63994,952,
Williamson,IL,6731,129,
Winnebago,IL,28110,458,
Woodford,IL,3634,73,
Adams,IN,3187,50,
Allen,IN,35355,655,
Bartholomew,IN,7317,152,
Benton,IN,908,13,
Blackford,IN,1210,27,
Boone,IN,6025,93,
Brown,IN,938,39,
Carroll,IN,1745,20,
Cass,IN,5267,99,
Clark,IN,11783,187,
Clay,IN,2376,43,
Clinton,IN,3909,57,
Crawford,IN,897,14,
Daviess,IN,2837,97,
DeKalb,IN,3807,81,
Dearborn,IN,5354,67,
Decatur,IN,2737,92,
Delaware,IN,9768,183,
Dubois,IN,5851,107,
Elkhart,IN,25270,426,
Fayette,IN,2826,55,
Floyd,IN,7114,168,
Fountain,IN,1989,40,
Franklin,IN,1600,36,
Fulton,IN,1756,38,
Gibson,IN,3995,84,
Grant,IN,6787,161,
Greene,IN,2596,82,
Hamilton,IN,31595,394,
Hancock,IN,7375,132,
Harrison,IN,3924,62,
Hendricks,IN,15678,314,
Henry,IN,5385,91,
Howard,IN,9002,194,
Huntington,IN,3335,77,
Jackson,IN,4612,61,
Jasper,IN,3116,44,
Jay,IN,1777,30,
Jefferson,IN,2914,73,
Jennings,IN,2127,46,
Johnson,IN,16227,360,
Knox,IN,3542,82,
Kosciusko,IN,8492,111,
LaGrange,IN,2402,72,
LaPorte,IN,9682,197,
Lake,IN,47978,889,
Lawrence,IN,4135,114,
Madison,IN,11660,331,
Marion,IN,89906,1685,
Marshall,IN,5370,105,
Martin,IN,797,14,
Miami,IN,3528,62,
Monroe,IN,10171,161,
Montgomery,IN,3775,83,
Morgan,IN,6014,129,
Newton,IN,966,33,
Noble,IN,5037,78,
Ohio,IN,523,11,
Orange,IN,1708,53,
Owen,IN,1817,54,
Parke,IN,1388,15,
Perry,IN,1723,36,
Pike,IN,1266,32,
Porter,IN,15769,276,
Posey,IN,2586,31,
Pulaski,IN,1048,42,
Putnam,IN,3240,58,
Randolph,IN,2285,76,
Ripley,IN,3235,60,
Rush,IN,1689,22,
Scott,IN,2471,48,
Shelby,IN,5478,100,
Spencer,IN,2146,29,
St. Joseph,IN,29298,522,
Starke,IN,1851,53,
Steuben,IN,3345,57,
Sullivan,IN,2019,38,
Switzerland,IN,749,7,
Tippecanoe,IN,19603,197,
Tipton,IN,1456,44,
Union,IN,692,10,
Vanderburgh,IN,21024,376,
Vermillion,IN,1578,40,
Vigo,IN,11455,233,
Wabash,IN,3276,75,
Warren,IN,743,13,
Warrick,IN,7336,146,
Washington,IN,2050,27,
Wayne,IN,6952,190,
Wells,IN,2553,78,
White,IN,2926,51,
Whitley,IN,3429,35,
Allen,KS,1088,1,
Anderson,KS,803,0,
Atchison,KS,1520,13,
Barber,KS,364,2,
Barton,KS,2558,21,
Bourbon,KS,1271,3,
Brown,KS,1201,32,
Butler,KS,7094,60,
Chase,KS,273,3,
Chautauqua,KS,251,3,
Cherokee,KS,2333,16,
Cheyenne,KS,344,10,
Clark,KS,235,4,
Clay,KS,773,24,
Cloud,KS,960,2,
Coffey,KS,701,13,
Comanche,KS,155,9,
Cowley,KS,3764,9,
Crawford,KS,4466,77,
Decatur,KS,258,1,
Dickinson,KS,1680,35,
Doniphan,KS,929,7,
Douglas,KS,8548,71,
Edwards,KS,262,0,
Elk,KS,167,0,
Ellis,KS,3642,61,
Ellsworth,KS,1203,4,
Finney,KS,5971,48,
Ford,KS,5543,10,
Franklin,KS,2415,20,
Geary,KS,2947,24,
Gove,KS,376,22,
Graham,KS,247,2,
Grant,KS,964,17,
Gray,KS,600,12,
Greeley,KS,101,0,
Greenwood,KS,570,2,
Hamilton,KS,199,0,
Harper,KS,601,17,
Harvey,KS,3365,56,
Haskell,KS,407,1,
Hodgeman,KS,193,6,
Jackson,KS,1327,11,
Jefferson,KS,1603,30,
Jewell,KS,198,3,
Johnson,KS,53652,627,
Kearny,KS,555,9,
Kingman,KS,720,11,
KIA,KS,266,5,
Labette,KS,2572,44,
Lane,KS,141,5,
Leavenworth,KS,6680,49,
Lincoln,KS,254,4,
Linn,KS,749,12,
Logan,KS,291,0,
Lyon,KS,4032,75,
Marion,KS,1011,16,
Marshall,KS,1070,23,
McPherson,KS,3113,78,
Meade,KS,486,7,
Miami,KS,2592,25,
Mitchell,KS,557,0,
Montgomery,KS,3218,6,
Morris,KS,581,17,
Morton,KS,252,9,
Nemaha,KS,1459,50,
Neosho,KS,1708,18,
Ness,KS,364,15,
Norton,KS,1214,27,
Osage,KS,1175,11,
Osborne,KS,286,0,
Ottawa,KS,548,0,
Pawnee,KS,1131,14,
Phillips,KS,688,18,
Pottawatomie,KS,1728,24,
Pratt,KS,801,23,
Rawlins,KS,348,7,
Reno,KS,8245,126,
Republic,KS,676,14,
Rice,KS,1047,1,
Riley,KS,6158,33,
Rooks,KS,620,10,
Rush,KS,424,0,
Russell,KS,832,23,
Saline,KS,5901,104,
Scott,KS,599,16,
Sedgwick,KS,53047,483,
Seward,KS,3862,29,
Shawnee,KS,16181,331,
Sheridan,KS,426,0,
Sherman,KS,603,7,
Smith,KS,271,2,
Stafford,KS,341,9,
Stanton,KS,181,2,
Stevens,KS,580,7,
Sumner,KS,2059,27,
Thomas,KS,1094,13,
Trego,KS,403,3,
Wabaunsee,KS,646,13,
Wallace,KS,175,0,
Washington,KS,522,9,
Wichita,KS,215,0,
Wilson,KS,920,12,
Woodson,KS,194,0,
Wyandotte,KS,18935,263,
Adair,KY,1642,49,
Allen,KY,1780,22,
Anderson,KY,1589,16,
Ballard,KY,339,5,
Barren,KY,3941,69,
Bath,KY,739,16,
Bell,KY,2643,33,
Boone,KY,12628,72,
Bourbon,KY,1515,12,
Boyd,KY,4555,43,
Boyle,KY,3108,31,
Bracken,KY,494,4,
Breathitt,KY,906,6,
Breckinridge,KY,1072,9,
Bullitt,KY,6243,46,
Butler,KY,1326,23,
Caldwell,KY,1316,23,
Calloway,KY,3335,38,
Campbell,KY,7887,46,
Carlisle,KY,423,1,
Carroll,KY,868,10,
Carter,KY,1933,22,
Casey,KY,1257,34,
Christian,KY,6105,79,
Clark,KY,2369,18,
Clay,KY,2337,26,
Clinton,KY,1374,27,
Crittenden,KY,548,17,
Cumberland,KY,644,9,
Daviess,KY,9490,154,
Edmonson,KY,864,18,
Elliott,KY,934,1,
Estill,KY,957,0,
Fayette,KY,31935,223,
Fleming,KY,1066,14,
Floyd,KY,2957,29,
Franklin,KY,3557,28,
Fulton,KY,465,6,
Gallatin,KY,642,19,
Garrard,KY,1367,9,
Grant,KY,2123,12,
Graves,KY,3920,70,
Grayson,KY,1906,45,
Green,KY,1089,13,
Greenup,KY,3265,23,
Hancock,KY,799,15,
Hardin,KY,8626,86,
Harlan,KY,2348,68,
Harrison,KY,1465,9,
Hart,KY,1783,33,
Henderson,KY,4275,57,
Henry,KY,1191,7,
Hickman,KY,313,7,
Hopkins,KY,3845,128,
Jackson,KY,1181,29,
Jefferson,KY,72692,883,
Jessamine,KY,4017,49,
Johnson,KY,1708,18,
Kenton,KY,15006,123,
Knott,KY,1000,15,
Knox,KY,2806,11,
Larue,KY,1171,11,
Laurel,KY,5645,25,
Lawrence,KY,1195,17,
Lee,KY,1178,19,
Leslie,KY,756,2,
Letcher,KY,1637,18,
Lewis,KY,1078,30,
Lincoln,KY,2056,32,
Livingston,KY,741,16,
Logan,KY,2418,51,
Lyon,KY,460,13,
Madison,KY,8473,79,
Magoffin,KY,854,1,
Marion,KY,2109,23,
Marshall,KY,2468,46,
Martin,KY,906,11,
Mason,KY,1409,27,
McCracken,KY,5636,63,
McCreary,KY,1727,23,
McLean,KY,826,25,
Meade,KY,1802,13,
Menifee,KY,394,11,
Mercer,KY,2313,19,
Metcalfe,KY,931,19,
Monroe,KY,1241,38,
Montgomery,KY,2270,23,
Morgan,KY,1996,1,
Muhlenberg,KY,2701,52,
Nelson,KY,4513,31,
Nicholas,KY,437,6,
Ohio,KY,2305,47,
Oldham,KY,6766,69,
Owen,KY,616,8,
Owsley,KY,405,10,
Pendleton,KY,910,1,
Perry,KY,2201,32,
Pike,KY,4959,51,
Powell,KY,948,1,
Pulaski,KY,5655,84,
Robertson,KY,188,12,
Rockcastle,KY,1306,13,
Rowan,KY,1890,10,
Russell,KY,1703,39,
Scott,KY,3835,26,
Shelby,KY,4259,45,
Simpson,KY,1629,28,
Spencer,KY,1462,11,
Taylor,KY,2666,31,
Todd,KY,999,24,
Trigg,KY,1090,8,
Trimble,KY,589,3,
Union,KY,1254,13,
Warren,KY,14269,130,
Washington,KY,1295,29,
Wayne,KY,2054,43,
Webster,KY,1153,17,
Whitley,KY,4046,16,
Wolfe,KY,416,4,
Woodford,KY,1948,4,
Acadia,LA,5999,181,
Allen,LA,2932,84,
Ascension,LA,10812,144,
Assumption,LA,2069,33,
Avoyelles,LA,3842,117,
Beauregard,LA,2742,65,
Bienville,LA,1573,69,
Bossier,LA,12852,256,
Caddo,LA,24410,664,
Calcasieu,LA,18778,346,
Caldwell,LA,1068,25,
Cameron,LA,530,5,
Catahoula,LA,1038,33,
Claiborne,LA,1390,49,
Concordia,LA,1744,55,
De Soto,LA,2609,70,
East Baton Rouge,LA,34823,721,
East Carroll,LA,1094,23,
East Feliciana,LA,2936,104,
Evangeline,LA,3223,77,
Franklin,LA,2409,100,
Grant,LA,1976,51,
Iberia,LA,6367,143,
Iberville,LA,3390,91,
Jackson,LA,1739,45,
Jefferson,LA,43233,834,
Jefferson Davis,LA,2827,83,
LaSalle,LA,1404,33,
Lafayette,LA,21355,253,
Lafourche,LA,8921,194,
Lincoln,LA,4205,88,
Livingston,LA,12036,177,
Madison,LA,1545,31,
Morehouse,LA,2681,67,
Natchitoches,LA,3835,77,
Orleans,LA,27942,755,
Ouachita,LA,17592,404,
Plaquemines,LA,2247,23,
Pointe Coupee,LA,2325,69,
Rapides,LA,11140,290,
Red River,LA,856,35,
Richland,LA,2312,49,
Sabine,LA,2736,52,
St. Bernard,LA,3571,46,
St. Charles,LA,5023,88,
St. Helena,LA,872,8,
St. James,LA,1817,49,
St. John the Baptist,LA,3478,131,
St. Landry,LA,8175,241,
St. Martin,LA,4792,110,
St. Mary,LA,4017,119,
St. Tammany,LA,23223,475,
Tangipahoa,LA,11820,261,
Tensas,LA,356,6,
Terrebonne,LA,9281,192,
Union,LA,2287,75,
Vermilion,LA,4768,105,
Vernon,LA,2822,95,
Washington,LA,4014,120,
Webster,LA,3872,92,
West Baton Rouge,LA,2452,53,
West Carroll,LA,1152,39,
West Feliciana,LA,1105,31,
Winn,LA,1441,39,
Barnstable,MA,9736,387,
Berkshire,MA,4784,248,
Bristol,MA,54555,1456,
Dukes,MA,847,0,
Essex,MA,82069,2112,
Franklin,MA,1936,99,
Hampden,MA,40458,1298,
Hampshire,MA,7003,254,
Middlesex,MA,109093,3361,
Nantucket,MA,1146,2,
Norfolk,MA,44062,1583,
Plymouth,MA,39211,1264,
Suffolk,MA,76367,1666,
Worcester,MA,63755,1988,
Allegany,MD,6383,196,
Anne Arundel,MD,34978,518,
Baltimore,MD,49931,1243,
Baltimore city,MD,39722,867,
Calvert,MD,3603,66,
Caroline,MD,2013,18,
Carroll,MD,7411,208,
Cecil,MD,4973,116,
Charles,MD,8688,153,
Dorchester,MD,2282,43,
Frederick,MD,16638,265,
Garrett,MD,1834,59,
Harford,MD,12216,231,
Howard,MD,15467,216,
Kent,MD,1105,41,
Montgomery,MD,62279,1395,
Prince George's,MD,71846,1303,
Queen Anne's,MD,2530,38,
Somerset,MD,2361,30,
St. Mary's,MD,4979,112,
Talbot,MD,1832,31,
Washington,MD,12192,247,
Wicomico,MD,6672,141,
Worcester,MD,3221,91,
Androscoggin,ME,4666,54,
Aroostook,ME,1252,43,
Cumberland,ME,12160,176,
Franklin,ME,881,10,
Hancock,ME,867,31,
Kennebec,ME,3522,49,
Knox,ME,620,5,
Lincoln,ME,559,1,
Oxford,ME,2144,41,
Penobscot,ME,3748,76,
Piscataquis,ME,244,1,
Sagadahoc,ME,862,1,
Somerset,ME,1227,26,
Waldo,ME,570,18,
Washington,ME,699,14,
York,ME,9203,110,
Alcona,MI,427,24,
Alger,MI,581,3,
Allegan,MI,7200,118,
Alpena,MI,1462,47,
Antrim,MI,908,19,
Arenac,MI,740,24,
Baraga,MI,772,33,
Barry,MI,3690,42,
Bay,MI,7314,283,
Benzie,MI,902,31,
Berrien,MI,11376,235,
Branch,MI,4559,108,
Calhoun,MI,9404,232,
Cass,MI,3913,63,
Charlevoix,MI,1033,13,
Cheboygan,MI,911,35,
Chippewa,MI,4796,42,
Clare,MI,1591,69,
Clinton,MI,4974,69,
Crawford,MI,579,5,
Delta,MI,3110,84,
Dickinson,MI,2358,69,
Eaton,MI,6140,150,
Emmet,MI,1490,38,
Genesee,MI,25109,746,
Gladwin,MI,1466,42,
Gogebic,MI,1248,47,
Grand Traverse,MI,4173,68,
Gratiot,MI,5627,105,
Hillsdale,MI,3297,72,
Houghton,MI,2598,40,
Huron,MI,2093,58,
Ingham,MI,16080,276,
Ionia,MI,6807,73,
Iosco,MI,1274,67,
Iron,MI,926,48,
Isabella,MI,3978,73,
Jackson,MI,13946,240,
Kalamazoo,MI,14728,318,
Kalkaska,MI,580,15,
Kent,MI,51098,699,
Keweenaw,MI,137,2,
Lake,MI,356,11,
Lapeer,MI,5414,128,
Leelanau,MI,843,14,
Lenawee,MI,7576,126,
Livingston,MI,10164,136,
Luce,MI,1072,2,
Mackinac,MI,433,3,
Macomb,MI,58344,1948,
Manistee,MI,1478,23,
Marquette,MI,4786,56,
Mason,MI,1226,26,
Mecosta,MI,1992,19,
Menominee,MI,1874,37,
Midland,MI,4903,64,
Missaukee,MI,738,17,
Monroe,MI,9600,198,
Montcalm,MI,5576,92,
Montmorency,MI,357,17,
Muskegon,MI,12646,315,
Newaygo,MI,2787,49,
Oakland,MI,73653,1965,
Oceana,MI,1857,50,
Ogemaw,MI,1111,33,
Ontonagon,MI,409,20,
Osceola,MI,1034,23,
Oscoda,MI,395,19,
Otsego,MI,1151,25,
Ottawa,MI,22129,347,
Presque Isle,MI,648,28,
Roscommon,MI,1127,31,
Saginaw,MI,15761,505,
Sanilac,MI,1988,74,
Schoolcraft,MI,257,5,
Shiawassee,MI,3740,77,
St. Clair,MI,8529,252,
St. Joseph,MI,4593,82,
Tuscola,MI,3133,134,
Van Buren,MI,4924,95,
Washtenaw,MI,18852,249,
Wayne,MI,100266,4112,
Wexford,MI,1422,20,
Aitkin,MN,1163,33,
Anoka,MN,32775,382,
Becker,MN,3042,41,
Beltrami,MN,3330,48,
Benton,MN,4395,90,
Big Stone,MN,505,3,
Blue Earth,MN,5796,34,
Brown,MN,2375,37,
Carlton,MN,2973,43,
Carver,MN,7491,40,
Cass,MN,2161,24,
Chippewa,MN,1354,35,
Chisago,MN,4889,44,
Clay,MN,6780,84,
Clearwater,MN,707,14,
Cook,MN,119,0,
Cottonwood,MN,1331,20,
Crow Wing,MN,5124,80,
Dakota,MN,35459,381,
Dodge,MN,1505,4,
Douglas,MN,3882,68,
Faribault,MN,1198,16,
Fillmore,MN,1358,8,
Freeborn,MN,2746,23,
Goodhue,MN,3802,66,
Grant,MN,482,8,
Hennepin,MN,99020,1576,
Houston,MN,1555,14,
Hubbard,MN,1590,39,
Isanti,MN,3018,50,
Itasca,MN,3042,45,
Jackson,MN,917,10,
Kanabec,MN,1060,19,
Kandiyohi,MN,5743,74,
Kittson,MN,402,21,
Koochiching,MN,615,11,
Lac qui Parle,MN,676,16,
Lake,MN,714,17,
Lake of the Woods,MN,212,1,
Le Sueur,MN,2293,20,
Lincoln,MN,501,2,
Lyon,MN,3108,43,
Mahnomen,MN,432,7,
Marshall,MN,758,15,
Martin,MN,1850,27,
McLeod,MN,3352,49,
Meeker,MN,2047,34,
Mille Lacs,MN,2240,46,
Morrison,MN,3203,46,
Mower,MN,3976,31,
Murray,MN,937,8,
Nicollet,MN,2473,41,
Nobles,MN,3838,47,
Norman,MN,446,8,
Olmsted,MN,11612,88,
Otter Tail,MN,4765,70,
Pennington,MN,1229,16,
Pine,MN,2786,16,
Pipestone,MN,1003,24,
Polk,MN,3392,62,
Pope,MN,785,5,
Ramsey,MN,42468,792,
Red Lake,MN,345,4,
Redwood,MN,1454,27,
Renville,MN,1459,40,
Rice,MN,6622,89,
Rock,MN,1151,12,
Roseau,MN,1751,17,
Scott,MN,13007,104,
Sherburne,MN,8617,73,
Sibley,MN,1154,9,
St. Louis,MN,14579,262,
Stearns,MN,18595,200,
Steele,MN,2957,11,
Stevens,MN,735,8,
Swift,MN,871,18,
Todd,MN,2414,30,
Traverse,MN,300,5,
Wabasha,MN,1846,3,
Wadena,MN,1269,19,
Waseca,MN,2049,17,
Washington,MN,21665,251,
Watonwan,MN,1134,8,
Wilkin,MN,659,10,
Winona,MN,4120,48,
Wright,MN,12325,114,
Yellow Medicine,MN,971,17,
Adair,MO,2286,20,
Andrew,MO,1279,17,
Atchison,MO,290,6,
Audrain,MO,2065,57,
Barry,MO,2172,44,
Barton,MO,951,12,
Bates,MO,1068,22,
Benton,MO,1443,25,
Bollinger,MO,1051,12,
Boone,MO,17275,77,
Buchanan,MO,9976,162,
Butler,MO,3403,33,
Caldwell,MO,637,10,
Callaway,MO,4450,43,
Camden,MO,3697,80,
Cape Girardeau,MO,9250,132,
Carroll,MO,832,22,
Carter,MO,417,8,
Cass,MO,7163,84,
Cedar,MO,666,17,
Chariton,MO,415,6,
Christian,MO,8375,75,
Clark,MO,469,6,
Clay,MO,9386,141,
Clinton,MO,1518,64,
Cole,MO,8543,114,
Cooper,MO,1683,24,
Crawford,MO,2033,29,
Dade,MO,704,30,
Dallas,MO,817,22,
Daviess,MO,585,11,
DeKalb,MO,916,26,
Dent,MO,815,16,
Douglas,MO,765,23,
Dunklin,MO,2402,17,
Franklin,MO,8341,153,
Gasconade,MO,871,38,
Gentry,MO,733,20,
Greene,MO,27276,415,
Grundy,MO,825,34,
Harrison,MO,826,14,
Henry,MO,1725,36,
Hickory,MO,466,13,
Holt,MO,366,10,
Howard,MO,710,5,
Howell,MO,2789,42,
Iron,MO,463,5,
Jackson,MO,29783,369,
Jasper,MO,7350,114,
Jefferson,MO,21405,204,
Johnson,MO,3833,43,
Joplin,MO,4746,100,
Kansas City,MO,36486,497,
Knox,MO,175,2,
Laclede,MO,2907,64,
Lafayette,MO,2522,53,
Lawrence,MO,2740,71,
Lewis,MO,628,5,
Lincoln,MO,4260,32,
Linn,MO,540,11,
Livingston,MO,1321,36,
Macon,MO,1200,13,
Madison,MO,1342,16,
Maries,MO,533,7,
Marion,MO,2638,41,
McDonald,MO,2434,31,
Mercer,MO,177,2,
Miller,MO,2311,49,
Mississippi,MO,1256,24,
Moniteau,MO,1677,29,
Monroe,MO,589,10,
Montgomery,MO,565,10,
Morgan,MO,1619,39,
New Madrid,MO,1764,45,
Newton,MO,4055,64,
Nodaway,MO,2554,24,
Oregon,MO,672,3,
Osage,MO,1392,12,
Ozark,MO,547,12,
Pemiscot,MO,1408,28,
Perry,MO,2036,24,
Pettis,MO,4917,75,
Phelps,MO,2972,119,
Pike,MO,1482,21,
Platte,MO,3062,42,
Polk,MO,3211,38,
Pulaski,MO,2971,43,
Putnam,MO,223,2,
Ralls,MO,754,12,
Randolph,MO,1805,28,
Ray,MO,1469,23,
Reynolds,MO,464,4,
Ripley,MO,849,14,
Saline,MO,2411,35,
Schuyler,MO,263,3,
Scotland,MO,256,3,
Scott,MO,3794,73,
Shannon,MO,478,10,
Shelby,MO,349,6,
St. Charles,MO,42448,405,
St. Clair,MO,574,7,
St. Francois,MO,7544,102,
St. Louis,MO,87177,1915,
St. Louis city,MO,21162,409,
Ste. Genevieve,MO,1609,14,
Stoddard,MO,2295,36,
Stone,MO,2012,36,
Sullivan,MO,745,13,
Taney,MO,4539,82,
Texas,MO,1536,22,
Vernon,MO,1382,38,
Warren,MO,2618,22,
Washington,MO,2113,45,
Wayne,MO,814,10,
Webster,MO,2986,49,
Worth,MO,140,1,
Wright,MO,1364,27,
Saipan,MP,133,2,
Tinian,MP,2,0,
Adams,MS,2315,74,
Alcorn,MS,2891,60,
Amite,MS,1098,32,
Attala,MS,2056,69,
Benton,MS,923,24,
Bolivar,MS,4548,119,
Calhoun,MS,1550,26,
Carroll,MS,1169,23,
Chickasaw,MS,2000,50,
Choctaw,MS,693,16,
Claiborne,MS,973,29,
Clarke,MS,1668,70,
Clay,MS,1765,48,
Coahoma,MS,2718,65,
Copiah,MS,2722,57,
Covington,MS,2450,76,
DeSoto,MS,19351,226,
Forrest,MS,6971,135,
Franklin,MS,750,19,
George,MS,2286,45,
Greene,MS,1252,32,
Grenada,MS,2438,75,
Hancock,MS,3355,73,
Harrison,MS,16291,267,
Hinds,MS,18519,380,
Holmes,MS,1802,69,
Humphreys,MS,909,26,
Issaquena,MS,167,6,
Itawamba,MS,2877,71,
Jackson,MS,12332,215,
Jasper,MS,2091,42,
Jefferson,MS,607,27,
Jefferson Davis,MS,992,31,
Jones,MS,7772,142,
Kemper,MS,887,22,
Lafayette,MS,5675,113,
Lamar,MS,5731,77,
Lauderdale,MS,6715,223,
Lawrence,MS,1178,20,
Leake,MS,2505,69,
Lee,MS,9608,159,
Leflore,MS,3330,117,
Lincoln,MS,3413,99,
Lowndes,MS,5954,137,
Madison,MS,9333,189,
Marion,MS,2490,78,
Marshall,MS,3944,92,
Monroe,MS,3961,125,
Montgomery,MS,1199,37,
Neshoba,MS,3729,165,
Newton,MS,2201,51,
Noxubee,MS,1219,29,
Oktibbeha,MS,4371,90,
Panola,MS,4232,91,
Pearl River,MS,4023,126,
Perry,MS,1171,33,
Pike,MS,2958,91,
Pontotoc,MS,4051,66,
Prentiss,MS,2669,58,
Quitman,MS,766,14,
Rankin,MS,12476,258,
Scott,MS,2900,66,
Sharkey,MS,488,17,
Simpson,MS,2641,78,
Smith,MS,1495,29,
Stone,MS,1700,29,
Sunflower,MS,3150,84,
Tallahatchie,MS,1687,39,
Tate,MS,2975,72,
Tippah,MS,2739,64,
Tishomingo,MS,2099,65,
Tunica,MS,969,23,
Union,MS,3899,72,
Walthall,MS,1230,40,
Warren,MS,4083,113,
Washington,MS,5122,128,
Wayne,MS,2492,40,
Webster,MS,1081,29,
Wilkinson,MS,619,26,
Winston,MS,2195,74,
Yalobusha,MS,1416,36,
Yazoo,MS,2822,62,
Beaverhead,MT,860,8,
Big Horn,MT,2332,71,
Blaine,MT,692,24,
Broadwater,MT,398,5,
Carbon,MT,828,10,
Carter,MT,144,5,
Cascade,MT,7568,149,
Chouteau,MT,481,5,
Custer,MT,1130,14,
Daniels,MT,193,7,
Dawson,MT,1056,28,
Deer Lodge,MT,1022,13,
Fallon,MT,277,2,
Fergus,MT,1029,19,
Flathead,MT,10745,74,
Gallatin,MT,12082,52,
Garfield,MT,76,2,
Glacier,MT,1516,29,
Golden Valley,MT,51,2,
Granite,MT,190,2,
Hill,MT,1888,39,
Jefferson,MT,991,8,
Judith Basin,MT,85,1,
Lake,MT,1875,26,
Lewis And Clark,MT,6238,66,
Liberty,MT,118,1,
Lincoln,MT,1476,13,
Madison,MT,674,7,
McCone,MT,176,1,
Meagher,MT,123,7,
Mineral,MT,216,0,
Missoula,MT,8072,83,
Musselshell,MT,307,8,
Park,MT,1108,8,
Petroleum,MT,12,1,
Phillips,MT,494,14,
Pondera,MT,455,3,
Powder River,MT,108,6,
Powell,MT,890,7,
Prairie,MT,130,2,
Ravalli,MT,2617,28,
Richland,MT,1043,14,
Roosevelt,MT,1546,52,
Rosebud,MT,1161,44,
Sanders,MT,577,9,
Sheridan,MT,385,5,
Silver Bow,MT,3663,78,
Stillwater,MT,689,12,
Sweet Grass,MT,351,7,
Teton,MT,422,5,
Toole,MT,705,10,
Treasure,MT,53,1,
Valley,MT,806,11,
Wheatland,MT,168,6,
Wibaux,MT,117,5,
Yellowstone,MT,16056,231,
Alamance,NC,15279,217,
Alexander,NC,3825,72,
Alleghany,NC,898,4,
Anson,NC,2235,51,
Ashe,NC,1815,40,
Avery,NC,1787,20,
Beaufort,NC,4146,79,
Bertie,NC,1609,39,
Bladen,NC,2861,38,
Brunswick,NC,7723,125,
Buncombe,NC,14903,296,
Burke,NC,9042,135,
Cabarrus,NC,17893,224,
Caldwell,NC,8432,67,
Camden,NC,560,5,
Carteret,NC,4295,43,
Caswell,NC,1905,19,
Catawba,NC,17072,271,
Chatham,NC,4051,74,
Cherokee,NC,2051,17,
Chowan,NC,1334,22,
Clay,NC,642,18,
Cleveland,NC,9987,211,
Columbus,NC,5671,135,
Craven,NC,8042,113,
Cumberland,NC,23299,256,
Currituck,NC,1327,15,
Dare,NC,1831,8,
Davidson,NC,14324,149,
Davie,NC,3437,28,
Duplin,NC,5593,121,
Durham,NC,21630,206,
Edgecombe,NC,4520,99,
Forsyth,NC,30969,332,
Franklin,NC,5130,42,
Gaston,NC,23173,371,
Gates,NC,662,12,
Graham,NC,551,12,
Granville,NC,5077,76,
Greene,NC,2116,38,
Guilford,NC,38848,537,
Halifax,NC,4917,95,
Harnett,NC,9285,138,
Haywood,NC,3755,83,
Henderson,NC,8512,127,
Hertford,NC,1916,56,
Hoke,NC,4003,53,
Hyde,NC,618,8,
Iredell,NC,15945,177,
Jackson,NC,3175,48,
Johnston,NC,17460,182,
Jones,NC,687,16,
Lee,NC,5305,65,
Lenoir,NC,5303,104,
Lincoln,NC,8582,66,
Macon,NC,2516,23,
Madison,NC,1320,32,
Martin,NC,2024,37,
McDowell,NC,4703,55,
Mecklenburg,NC,94306,844,
Mitchell,NC,1227,15,
Montgomery,NC,2958,84,
Moore,NC,7699,170,
Nash,NC,9425,163,
New Hanover,NC,15645,139,
Northampton,NC,1657,28,
Onslow,NC,14315,132,
Orange,NC,7541,92,
Pamlico,NC,907,9,
Pasquotank,NC,2995,74,
Pender,NC,4503,53,
Perquimans,NC,872,7,
Person,NC,2870,60,
Pitt,NC,16996,76,
Polk,NC,1315,25,
Randolph,NC,12763,196,
Richmond,NC,4081,87,
Robeson,NC,14252,197,
Rockingham,NC,6680,59,
Rowan,NC,14479,269,
Rutherford,NC,6640,193,
Sampson,NC,6530,87,
Scotland,NC,3406,71,
Stanly,NC,6568,105,
Stokes,NC,3576,64,
Surry,NC,7180,129,
Swain,NC,1140,15,
Transylvania,NC,1848,26,
Tyrrell,NC,297,6,
Union,NC,20095,189,
Vance,NC,4146,78,
Wake,NC,73227,523,
Warren,NC,1557,18,
Washington,NC,948,28,
Watauga,NC,3798,29,
Wayne,NC,10105,208,
Wilkes,NC,5879,100,
Wilson,NC,8171,145,
Yadkin,NC,3557,45,
Yancey,NC,1401,23,
Adams,ND,265,3,
Barnes,ND,1284,31,
Benson,ND,1025,18,
Billings,ND,53,0,
Bottineau,ND,672,20,
Bowman,ND,378,4,
Burke,ND,222,1,
Burleigh,ND,14538,185,
Cass,ND,21245,193,
Cavalier,ND,415,5,
Dickey,ND,733,32,
Divide,ND,151,2,
Dunn,ND,365,7,
Eddy,ND,456,6,
Emmons,ND,406,12,
Foster,ND,555,19,
Golden Valley,ND,243,2,
Grand Forks,ND,9756,74,
Grant,ND,184,7,
Griggs,ND,305,2,
Hettinger,ND,305,4,
Kidder,ND,253,10,
LaMoure,ND,498,17,
Logan,ND,217,8,
McHenry,ND,578,21,
McIntosh,ND,320,7,
McKenzie,ND,1152,11,
McLean,ND,1205,31,
Mercer,ND,1068,9,
Morton,ND,4916,94,
Mountrail,ND,1263,17,
Nelson,ND,444,13,
Oliver,ND,150,2,
Pembina,ND,745,11,
Pierce,ND,519,24,
Ramsey,ND,1599,30,
Ransom,ND,608,16,
Renville,ND,303,13,
Richland,ND,1721,16,
Rolette,ND,2095,28,
Sargent,ND,424,6,
Sheridan,ND,103,2,
Sioux,ND,641,11,
Slope,ND,30,0,
Stark,ND,4337,49,
Steele,ND,171,2,
Stutsman,ND,3272,77,
Towner,ND,299,11,
Traill,ND,980,18,
Walsh,ND,1743,24,
Ward,ND,9092,186,
Wells,ND,426,8,
Williams,ND,4425,36,
Adams,NE,2690,38,
Antelope,NE,465,6,
Arthur,NE,22,1,
Banner,NE,31,0,
Blaine,NE,19,0,
Boone,NE,497,4,
Box Butte,NE,891,8,
Boyd,NE,174,3,
Brown,NE,214,2,
Buffalo,NE,4990,54,
Burt,NE,603,11,
Butler,NE,812,12,
Cass,NE,2252,17,
Cedar,NE,724,11,
Chase,NE,443,3,
Cherry,NE,266,6,
Cheyenne,NE,877,16,
Clay,NE,649,11,
Colfax,NE,1541,20,
Cuming,NE,984,11,
Custer,NE,818,18,
Dakota,NE,3846,67,
Dawes,NE,681,18,
Dawson,NE,2752,29,
Deuel,NE,91,1,
Dixon,NE,561,8,
Dodge,NE,4591,52,
Douglas,NE,63238,650,
Dundy,NE,174,4,
Fillmore,NE,466,9,
Franklin,NE,229,3,
Frontier,NE,186,1,
Furnas,NE,484,4,
Gage,NE,2065,16,
Garden,NE,109,1,
Garfield,NE,143,3,
Gosper,NE,177,4,
Grant,NE,35,4,
Greeley,NE,205,2,
Hall,NE,7012,110,
Hamilton,NE,883,17,
Harlan,NE,205,0,
Hayes,NE,59,0,
Hitchcock,NE,246,4,
Holt,NE,774,15,
Hooker,NE,51,2,
Howard,NE,521,17,
Jefferson,NE,622,1,
Johnson,NE,625,8,
Kearney,NE,652,5,
Keith,NE,658,6,
Keya Paha,NE,47,0,
Kimball,NE,402,8,
Knox,NE,834,12,
Lancaster,NE,27774,214,
Lincoln,NE,3522,51,
Logan,NE,77,0,
Loup,NE,40,0,
Madison,NE,4297,44,
McPherson,NE,28,1,
Merrick,NE,738,13,
Morrill,NE,472,15,
Nance,NE,373,10,
Nemaha,NE,591,13,
Nuckolls,NE,377,1,
Otoe,NE,1289,7,
Pawnee,NE,207,1,
Perkins,NE,262,11,
Phelps,NE,913,9,
Pierce,NE,600,20,
Platte,NE,3833,47,
Polk,NE,554,18,
Red Willow,NE,1165,11,
Richardson,NE,612,17,
Rock,NE,100,2,
Saline,NE,1911,3,
Sarpy,NE,19492,105,
Saunders,NE,2296,14,
Scotts Bluff,NE,4439,92,
Seward,NE,1819,26,
Sheridan,NE,453,16,
Sherman,NE,175,4,
Sioux,NE,35,0,
Stanton,NE,345,9,
Thayer,NE,471,3,
Thomas,NE,51,1,
Thurston,NE,798,10,
Valley,NE,309,3,
Washington,NE,1995,19,
Wayne,NE,957,7,
Webster,NE,307,4,
Wheeler,NE,36,0,
York,NE,1650,13,
Belknap,NH,3041,90,
Carroll,NH,1637,6,
Cheshire,NH,2517,25,
Coos,NH,1260,35,
Grafton,NH,2437,17,
Hillsborough,NH,27762,575,
Merrimack,NH,7235,103,
Rockingham,NH,17864,205,
Strafford,NH,6676,72,
Sullivan,NH,1293,19,
Atlantic,NJ,23909,549,
Bergen,NJ,74126,2583,
Burlington,NJ,34230,729,
Camden,NJ,43042,1111,
Cape May,NJ,6902,176,
Cumberland,NJ,13871,349,
Essex,NJ,71178,2634,
Gloucester,NJ,23511,528,
Hudson,NJ,66716,1965,
Hunterdon,NJ,6615,156,
Mercer,NJ,27015,860,
Middlesex,NJ,70279,2057,
Monmouth,NJ,54467,1370,
Morris,NJ,36077,1103,
Ocean,NJ,56273,1806,
Passaic,NJ,55408,1660,
Salem,NJ,4576,160,
Somerset,NJ,21937,777,
Sussex,NJ,8750,268,
Union,NJ,55029,1732,
Warren,NJ,6736,211,
Bernalillo,NM,51644,837,
Catron,NM,83,5,
Chaves,NM,8771,146,
Cibola,NM,3346,103,
Colfax,NM,843,46,
Curry,NM,4857,64,
De Baca,NM,131,0,
DoÃ±a Ana,NM,22520,380,
Eddy,NM,6265,112,
Grant,NM,1449,34,
Guadalupe,NM,598,9,
Harding,NM,8,0,
Hidalgo,NM,342,9,
Lea,NM,8428,139,
Lincoln,NM,1510,15,
Los Alamos,NM,469,4,
Luna,NM,3054,73,
McKinley,NM,11930,435,
Mora,NM,153,6,
Otero,NM,4257,53,
Quay,NM,415,8,
Rio Arriba,NM,3366,62,
Roosevelt,NM,1826,50,
San Juan,NM,13398,423,
San Miguel,NM,1208,10,
Sandoval,NM,10704,192,
Santa Fe,NM,9711,132,
Sierra,NM,682,43,
Socorro,NM,1202,50,
Taos,NM,1494,49,
Torrance,NM,674,12,
Union,NM,380,9,
Valencia,NM,6332,91,
Carson City,NV,5829,114,
Churchill,NV,1878,49,
Clark,NV,223960,3749,
Douglas,NV,2475,33,
Elko,NV,4506,51,
Esmeralda,NV,37,0,
Eureka,NV,50,0,
Humboldt,NV,1046,13,
Lander,NV,441,8,
Lincoln,NV,346,1,
Lyon,NV,2705,57,
Mineral,NV,291,5,
Nye,NV,2752,93,
Pershing,NV,934,19,
Storey,NV,77,3,
Washoe,NV,42537,638,
White Pine,NV,535,5,
Albany,NY,20272,324,
Allegany,NY,2823,81,
Broome,NY,14051,328,
Cattaraugus,NY,4250,75,
Cayuga,NY,5228,87,
Chautauqua,NY,7140,119,
Chemung,NY,6345,129,
Chenango,NY,2344,68,
Clinton,NY,3352,25,
Columbia,NY,3297,93,
Cortland,NY,3060,60,
Delaware,NY,1431,32,
Dutchess,NY,21344,401,
Erie,NY,62962,1568,
Essex,NY,1280,26,
Franklin,NY,1893,12,
Fulton,NY,3139,80,
Genesee,NY,4257,118,
Greene,NY,2566,68,
Hamilton,NY,275,2,
Herkimer,NY,4489,104,
Jefferson,NY,4562,63,
Lewis,NY,1987,29,
Livingston,NY,3420,54,
Madison,NY,3740,84,
Monroe,NY,51256,968,
Montgomery,NY,3059,102,
Nassau,NY,142467,2854,
NY City,NY,689599,28686,
Niagara,NY,14920,301,
Oneida,NY,19324,468,
Onondaga,NY,31793,613,
Ontario,NY,5605,88,
Orange,NY,35370,627,
Orleans,NY,2387,80,
Oswego,NY,5854,89,
Otsego,NY,2229,42,
Putnam,NY,8059,86,
Rensselaer,NY,8733,127,
Rockland,NY,37320,677,
Saratoga,NY,11517,141,
Schenectady,NY,10573,174,
Schoharie,NY,1154,11,
Schuyler,NY,846,11,
Seneca,NY,1526,52,
St. Lawrence,NY,5146,75,
Steuben,NY,5399,137,
Suffolk,NY,156914,3013,
Sullivan,NY,4576,58,
Tioga,NY,2725,56,
Tompkins,NY,3367,42,
Ulster,NY,9658,226,
Warren,NY,2754,53,
Washington,NY,2222,50,
Wayne,NY,4353,63,
Westchester,NY,103505,2045,
Wyoming,NY,2732,48,
Yates,NY,1005,26,
Adams,OH,2118,30,
Allen,OH,10679,229,
Ashland,OH,3723,92,
Ashtabula,OH,5585,137,
Athens,OH,4505,30,
Auglaize,OH,4521,95,
Belmont,OH,4813,84,
Brown,OH,3643,41,
Butler,OH,34641,453,
Carroll,OH,1768,26,
Champaign,OH,2801,44,
Clark,OH,12046,328,
Clermont,OH,17948,202,
Clinton,OH,3332,62,
Columbiana,OH,7985,176,
Coshocton,OH,2279,45,
Crawford,OH,3525,95,
Cuyahoga,OH,93620,1669,
Darke,OH,4988,122,
Defiance,OH,3640,101,
Delaware,OH,16044,128,
Erie,OH,6729,178,
Fairfield,OH,14266,151,
Fayette,OH,2634,40,
Franklin,OH,110079,1176,
Fulton,OH,3722,64,
Gallia,OH,2172,46,
Geauga,OH,5897,128,
Greene,OH,13374,208,
Guernsey,OH,2815,35,
Hamilton,OH,71712,927,
Hancock,OH,5904,109,
Hardin,OH,2404,55,
Harrison,OH,985,29,
Henry,OH,2408,65,
Highland,OH,3206,47,
Hocking,OH,1913,47,
Holmes,OH,2404,102,
Huron,OH,4663,116,
Jackson,OH,2857,53,
Jefferson,OH,4644,105,
Knox,OH,3953,79,
Lake,OH,17998,294,
Lawrence,OH,5130,74,
Licking,OH,14661,185,
Logan,OH,3468,56,
Lorain,OH,21523,379,
Lucas,OH,34348,749,
Madison,OH,3866,47,
Mahoning,OH,19072,528,
Marion,OH,7900,133,
Medina,OH,13070,216,
Meigs,OH,1322,36,
Mercer,OH,4552,100,
Miami,OH,9884,177,
Monroe,OH,1136,37,
Montgomery,OH,46623,854,
Morgan,OH,966,34,
Morrow,OH,2545,23,
Muskingum,OH,7982,122,
Noble,OH,1274,42,
Ottawa,OH,3164,66,
Paulding,OH,1570,23,
Perry,OH,2625,38,
Pickaway,OH,7911,92,
Pike,OH,2106,24,
Portage,OH,10691,150,
Preble,OH,3483,69,
Putnam,OH,3951,97,
Richland,OH,10066,197,
Ross,OH,6028,134,
Sandusky,OH,4696,92,
Scioto,OH,5832,101,
Seneca,OH,4595,102,
Shelby,OH,4382,66,
Stark,OH,28712,818,
Summit,OH,39209,922,
Trumbull,OH,13991,445,
Tuscarawas,OH,7936,229,
Union,OH,5006,51,
Van Wert,OH,2254,49,
Vinton,OH,760,15,
Warren,OH,21875,264,
Washington,OH,4468,86,
Wayne,OH,7752,209,
Williams,OH,2984,77,
Wood,OH,11316,190,
Wyandot,OH,2067,52,
Adair,OK,3064,21,
Alfalfa,OK,1137,5,
Atoka,OK,1734,10,
Beaver,OK,419,6,
Beckham,OK,2664,35,
Blaine,OK,985,7,
Bryan,OK,5769,52,
Caddo,OK,3767,54,
Canadian,OK,15469,87,
Carter,OK,5571,45,
Cherokee,OK,5345,39,
Choctaw,OK,1531,13,
Cimarron,OK,143,1,
Cleveland,OK,28186,254,
Coal,OK,677,13,
Comanche,OK,11654,127,
Cotton,OK,636,13,
Craig,OK,1876,11,
Creek,OK,6409,109,
Custer,OK,3948,65,
DE,OK,4303,61,
Dewey,OK,525,6,
Ellis,OK,347,2,
Garfield,OK,7445,69,
Garvin,OK,3411,44,
Grady,OK,5563,68,
Grant,OK,528,7,
Greer,OK,523,16,
Harmon,OK,286,3,
Harper,OK,403,4,
Haskell,OK,1200,9,
Hughes,OK,1138,17,
Jackson,OK,2862,44,
Jefferson,OK,668,8,
Johnston,OK,1313,17,
Kay,OK,5034,72,
Kingfisher,OK,1948,21,
Kia,OK,779,14,
Latimer,OK,786,8,
Le Flore,OK,5228,43,
Lincoln,OK,2994,54,
Logan,OK,3859,26,
Love,OK,1409,8,
Major,OK,933,8,
Marshall,OK,1843,12,
Mayes,OK,3954,36,
Mcclain,OK,4977,44,
Mccurtain,OK,3753,61,
Mcintosh,OK,1887,32,
Murray,OK,1894,21,
Muskogee,OK,9027,90,
Noble,OK,1333,10,
Nowata,OK,1079,15,
Okfuskee,OK,1737,19,
Oklahoma,OK,79407,688,
Okmulgee,OK,3572,44,
Osage,OK,4398,44,
Ottawa,OK,3583,41,
Pawnee,OK,1686,30,
Payne,OK,8254,46,
Pittsburg,OK,4349,33,
Pontotoc,OK,4844,45,
Pottawatomie,OK,7700,72,
Pushmataha,OK,962,13,
Roger Mills,OK,380,7,
Rogers,OK,9809,112,
Seminole,OK,2729,32,
Sequoyah,OK,3843,28,
Stephens,OK,4613,60,
Texas,OK,3428,24,
Tillman,OK,740,14,
Tulsa,OK,69600,668,
Wagoner,OK,7574,79,
Washington,OK,4631,82,
Washita,OK,1047,8,
Woods,OK,1178,11,
Woodward,OK,3061,15,
Baker,OR,625,7,
Benton,OR,2240,16,
Clackamas,OR,13172,172,
Clatsop,OR,764,6,
Columbia,OR,1198,21,
Coos,OR,1335,18,
Crook,OR,760,18,
Curry,OR,386,6,
Deschutes,OR,5822,58,
Douglas,OR,2292,51,
Gilliam,OR,53,1,
Grant,OR,221,1,
Harney,OR,266,6,
Hood River,OR,1054,29,
Jackson,OR,8078,107,
Jefferson,OR,1917,27,
Josephine,OR,2247,48,
Klamath,OR,2747,54,
Lake,OR,368,6,
Lane,OR,9994,121,
Lincoln,OR,1119,19,
Linn,OR,3527,54,
Malheur,OR,3326,58,
Marion,OR,18117,279,
Morrow,OR,1026,13,
Multnomah,OR,31465,516,
Polk,OR,2963,42,
Sherman,OR,52,0,
Tillamook,OR,402,2,
Umatilla,OR,7508,80,
Union,OR,1263,19,
Wallowa,OR,141,4,
Wasco,OR,1218,25,
Washington,OR,20804,208,
Wheeler,OR,22,1,
Yamhill,OR,3698,62,
Adams,PA,7074,148,
Allegheny,PA,74317,1675,
Armstrong,PA,4841,115,
Beaver,PA,11884,342,
Bedford,PA,3768,128,
Berks,PA,34859,877,
Blair,PA,10483,292,
Bradford,PA,4221,74,
Bucks,PA,43785,1107,
Butler,PA,13616,360,
Cambria,PA,11460,387,
Cameron,PA,254,7,
Carbon,PA,4781,145,
Centre,PA,12519,206,
Chester,PA,29781,711,
Clarion,PA,2621,81,
Clearfield,PA,6106,113,
Clinton,PA,2681,55,
Columbia,PA,4520,121,
Crawford,PA,6257,136,
Cumberland,PA,15733,473,
Dauphin,PA,20051,483,
Delware,PA,39905,1261,
Elk,PA,2284,35,
Erie,PA,16830,373,
Fayette,PA,10253,259,
Forest,PA,1372,20,
Franklin,PA,12275,317,
Fulton,PA,1113,14,
Greene,PA,2608,30,
Huntingdon,PA,4135,119,
Indiana,PA,5004,156,
Jefferson,PA,2740,85,
Juniata,PA,1789,80,
Lackawanna,PA,13507,406,
Lancaster,PA,42502,998,
Lawrence,PA,5895,179,
Lebanon,PA,12584,255,
Lehigh,PA,30045,743,
Luzerne,PA,24386,710,
Lycoming,PA,8977,240,
Mckean,PA,2994,60,
Mercer,PA,7908,237,
Mifflin,PA,4519,166,
Monroe,PA,9353,260,
Montgomery,PA,52427,1509,
Montour,PA,1742,57,
Northampton,PA,25960,626,
Northumberland,PA,7834,319,
Perry,PA,2825,82,
Philadelphia,PA,116242,3071,
Pike,PA,2412,46,
Potter,PA,894,21,
Schuylkill,PA,11828,361,
Snyder,PA,2946,78,
Somerset,PA,6592,187,
Sullivan,PA,301,14,
Susquehanna,PA,1663,53,
Tioga,PA,2403,94,
Union,PA,5068,80,
Venango,PA,3281,79,
Warren,PA,2122,96,
Washington,PA,13462,250,
Wayne,PA,2948,64,
Westmoreland,PA,26177,660,
Wyoming,PA,1132,40,
York,PA,34976,703,
Adjuntas,PR,460,,
Aguada,PR,1194,,
Aguadilla,PR,1474,,
Aguas Buenas,PR,1023,,
Aibonito,PR,571,,
Anasco,PR,806,,
Arecibo,PR,2823,,
Arroyo,PR,352,,
Barceloneta,PR,713,,
Barranquitas,PR,1193,,
Bayamon,PR,10010,,
Cabo Rojo,PR,906,,
Caguas,PR,5543,,
Camuy,PR,1102,,
Canovanas,PR,1742,,
Carolina,PR,7801,,
Catano,PR,1213,,
Cayey,PR,1284,,
Ceiba,PR,398,,
Ciales,PR,731,,
Cidra,PR,1207,,
Coamo,PR,938,,
Comerio,PR,675,,
Corozal,PR,1593,,
Culebra,PR,28,,
Dorado,PR,2132,,
Fajardo,PR,1259,,
Florida,PR,670,,
Guanica,PR,247,,
Guayama,PR,803,,
Guayanilla,PR,424,,
Guaynabo,PR,4344,,
Gurabo,PR,1800,,
Hatillo,PR,1022,,
Hormigueros,PR,406,,
Humacao,PR,1633,,
Isabela,PR,1213,,
Jayuya,PR,412,,
Juana Diaz,PR,1074,,
Juncos,PR,1707,,
Lajas,PR,409,,
Lares,PR,867,,
Las Marias,PR,203,,
Las Piedras,PR,1407,,
Loiza,PR,969,,
Luquillo,PR,658,,
Manati,PR,1537,,
Maricao,PR,117,,
Maunabo,PR,320,,
Mayaguez,PR,1934,,
Moca,PR,1371,,
Morovis,PR,1320,,
Naguabo,PR,767,,
Naranjito,PR,1570,,
Orocovis,PR,788,,
Patillas,PR,363,,
Penuelas,PR,517,,
Ponce,PR,2954,,
Quebradillas,PR,698,,
Rincon,PR,443,,
Rio Grande,PR,1753,,
Sabana Grande,PR,406,,
Salinas,PR,1001,,
San German,PR,605,,
San Juan,PR,17766,,
San Lorenzo,PR,1441,,
San Sebastian,PR,1637,,
Santa Isabel,PR,553,,
Toa Alta,PR,3631,,
Toa Baja,PR,3799,,
Trujillo Alto,PR,2867,,
Utuado,PR,851,,
Vega Alta,PR,1810,,
Vega Baja,PR,2668,,
Vieques,PR,195,,
Villalba,PR,741,,
Yabucoa,PR,986,,
Yauco,PR,993,,
Bristol,RI,4115,123,
Kent,RI,14896,291,
Newport,RI,5015,25,
Providence,RI,80264,1730,
Washington,RI,7345,145,
Abbeville,SC,2159,34,
Aiken,SC,14967,197,
Allendale,SC,797,14,
Anderson,SC,19476,446,
Bamberg,SC,1413,48,
Barnwell,SC,2310,47,
Beaufort,SC,14902,174,
Berkeley,SC,14344,162,
Calhoun,SC,1197,35,
Charleston,SC,36983,432,
Cherokee,SC,5206,129,
Chester,SC,3531,64,
Chesterfield,SC,4107,92,
Clarendon,SC,2870,94,
Colleton,SC,3118,109,
Darlington,SC,7665,161,
Dillon,SC,3864,76,
Dorchester,SC,14538,175,
Edgefield,SC,2645,35,
Fairfield,SC,2038,70,
Florence,SC,16274,373,
Georgetown,SC,6053,132,
Greenville,SC,62014,830,
Greenwood,SC,6863,153,
Hampton,SC,1624,42,
Horry,SC,33182,513,
Jasper,SC,2097,41,
Kershaw,SC,6394,113,
Lancaster,SC,9082,132,
Laurens,SC,6113,150,
Lee,SC,1738,54,
Lexington,SC,28412,421,
Marion,SC,3182,94,
Marlboro,SC,2911,50,
Mccormick,SC,880,23,
Newberry,SC,4203,92,
Oconee,SC,8232,120,
Orangeburg,SC,8457,210,
Pickens,SC,15983,255,
Richland,SC,39694,481,
Saluda,SC,1553,43,
Spartanburg,SC,34437,672,
Sumter,SC,9104,164,
Union,SC,2508,72,
Williamsburg,SC,3698,85,
York,SC,25119,304,
Aurora,SD,452,15,
Beadle,SD,2683,39,
Bennett,SD,380,9,
Bon Homme,SD,1502,25,
Brookings,SD,3552,36,
Brown,SD,5080,84,
Brule,SD,687,9,
Buffalo,SD,420,13,
Butte,SD,970,20,
Campbell,SD,129,4,
Charles Mix,SD,1263,19,
Clark,SD,363,5,
Clay,SD,1778,15,
Codington,SD,3918,76,
Corson,SD,463,12,
Custer,SD,741,12,
Davison,SD,2934,61,
Day,SD,652,28,
Deuel,SD,471,8,
Dewey,SD,1399,22,
Douglas,SD,422,9,
Edmunds,SD,477,12,
Fall River,SD,519,15,
Faulk,SD,354,13,
Grant,SD,949,37,
Gregory,SD,529,27,
Haakon,SD,246,9,
Hamlin,SD,694,38,
Hand,SD,327,6,
Hanson,SD,352,4,
Harding,SD,91,1,
Hughes,SD,2270,34,
Hutchinson,SD,783,24,
Hyde,SD,136,1,
Jackson,SD,276,14,
Jerauld,SD,268,16,
Jones,SD,84,0,
Kingsbury,SD,628,14,
Lake,SD,1169,17,
Lawrence,SD,2799,44,
Lincoln,SD,7649,77,
Lyman,SD,597,10,
Marshall,SD,299,5,
Mccook,SD,736,24,
Mcpherson,SD,237,4,
Meade,SD,2553,31,
Mellette,SD,242,2,
Miner,SD,270,9,
Minnehaha,SD,27669,326,
Moody,SD,612,16,
Oglala Lakota,SD,2050,47,
Pennington,SD,12709,184,
Perkins,SD,344,13,
Potter,SD,365,3,
Roberts,SD,1148,35,
Sanborn,SD,326,3,
Spink,SD,795,25,
Stanley,SD,327,2,
Sully,SD,136,3,
Todd,SD,1218,28,
Tripp,SD,684,16,
Turner,SD,1057,52,
Union,SD,1952,39,
Walworth,SD,715,15,
Yankton,SD,2783,28,
Ziebach,SD,335,9,
Anderson,TN,7817,149,
Bedford,TN,5724,117,
Benton,TN,1497,39,
Bledsoe,TN,1975,10,
Blount,TN,13831,174,
Bradley,TN,12569,135,
Campbell,TN,3742,55,
Cannon,TN,1726,28,
Carroll,TN,3452,80,
Carter,TN,5886,150,
Cheatham,TN,3815,43,
Chester,TN,1998,45,
Claiborne,TN,2671,64,
Clay,TN,1055,29,
Cocke,TN,3933,91,
Coffee,TN,6213,112,
Crockett,TN,1958,46,
Cumberland,TN,6035,113,
Davidson,TN,88493,823,
DeKalb,TN,2605,47,
Decatur,TN,1531,35,
Dickson,TN,6064,102,
Dyer,TN,5213,99,
Fayette,TN,4615,71,
Fentress,TN,2276,43,
Franklin,TN,4651,80,
Gibson,TN,6144,138,
Giles,TN,3684,95,
Grainger,TN,2388,46,
Greene,TN,7220,142,
Grundy,TN,1639,29,
Hamblen,TN,7890,161,
Hamilton,TN,39878,442,
Hancock,TN,489,11,
Hardeman,TN,3369,61,
Hardin,TN,3287,62,
Hawkins,TN,5109,91,
Haywood,TN,2635,59,
Henderson,TN,3589,71,
Henry,TN,2977,73,
Hickman,TN,2611,38,
Houston,TN,1016,30,
Humphreys,TN,1498,21,
Jackson,TN,1245,33,
Jefferson,TN,5516,115,
Johnson,TN,2137,37,
Knox,TN,45856,558,
Lake,TN,1670,25,
Lauderdale,TN,3082,40,
Lawrence,TN,5528,79,
Lewis,TN,1438,24,
Lincoln,TN,4085,61,
Loudon,TN,5556,64,
Macon,TN,3324,73,
Madison,TN,9985,225,
Marion,TN,2871,44,
Marshall,TN,3867,54,
Maury,TN,12074,155,
Mcminn,TN,5812,89,
Mcnairy,TN,2629,49,
Meigs,TN,1249,20,
Monroe,TN,5197,88,
Montgomery,TN,17063,203,
Moore,TN,929,15,
Morgan,TN,2272,34,
Obion,TN,4346,92,
Overton,TN,2819,57,
Perry,TN,1022,27,
Pickett,TN,743,23,
Polk,TN,1711,21,
Putnam,TN,10480,166,
Rhea,TN,4094,70,
Roane,TN,5743,95,
Robertson,TN,8801,112,
Rutherford,TN,37478,366,
Scott,TN,2836,42,
Sequatchie,TN,1521,27,
Sevier,TN,11784,158,
Shelby,TN,86759,1454,
Smith,TN,2512,36,
Stewart,TN,1228,24,
Sullivan,TN,14041,271,
Sumner,TN,20994,308,
Tipton,TN,6848,97,
Trousdale,TN,2374,21,
Unicoi,TN,1778,47,
Union,TN,1661,30,
Van Buren,TN,787,20,
Warren,TN,5282,73,
Washington,TN,12598,227,
Wayne,TN,2853,30,
Weakley,TN,3768,59,
White,TN,3306,64,
Williamson,TN,24713,200,
Wilson,TN,16029,206,
Anderson,TX,6018,103,
Andrews,TX,1679,45,
Angelina,TX,7656,243,
Aransas,TX,1107,33,
Archer,TX,760,11,
Armstrong,TX,148,6,
Atascosa,TX,5056,128,
Austin,TX,1775,27,
Bailey,TX,782,16,
Bandera,TX,1173,23,
Bastrop,TX,8300,75,
Baylor,TX,290,11,
Bee,TX,3398,61,
Bell,TX,20148,320,
Bexar,TX,187758,2713,
Blanco,TX,677,17,
Borden,TX,21,2,
Bosque,TX,1571,28,
Bowie,TX,6417,171,
Brazoria,TX,31331,353,
Brazos,TX,20054,202,
Brewster,TX,874,10,
Briscoe,TX,132,4,
Brooks,TX,744,32,
Brown,TX,4063,125,
Burleson,TX,2182,32,
Burnet,TX,4108,53,
Caldwell,TX,5107,74,
Calhoun,TX,1740,16,
Callahan,TX,1119,37,
Cameron,TX,36902,1415,
Camp,TX,1160,40,
Carson,TX,378,13,
Cass,TX,1754,74,
Castro,TX,897,28,
Chambers,TX,4119,36,
Cherokee,TX,4003,119,
Childress,TX,1324,15,
Clay,TX,988,16,
Cochran,TX,240,13,
Coke,TX,436,11,
Coleman,TX,702,27,
Collin,TX,81062,688,
Collingsworth,TX,258,9,
Colorado,TX,1507,24,
Comal,TX,8843,278,
Comanche,TX,1285,47,
Concho,TX,292,7,
Cooke,TX,3399,59,
Coryell,TX,6712,70,
Cottle,TX,182,7,
Crane,TX,505,11,
Crockett,TX,565,15,
Crosby,TX,499,25,
Culberson,TX,341,7,
Dallam,TX,567,22,
Dallas,TX,276339,3236,
Dawson,TX,1706,68,
DeWitt,TX,1843,56,
Deaf Smith,TX,2672,63,
Delta,TX,289,10,
Denton,TX,60167,597,
Dickens,TX,152,9,
Dimmit,TX,1436,19,
Donley,TX,343,13,
Duval,TX,1142,36,
Eastland,TX,1212,41,
Ector,TX,15616,316,
Edwards,TX,236,4,
El Paso,TX,120769,2281,
Ellis,TX,20331,267,
Erath,TX,3906,64,
Falls,TX,1996,28,
Fannin,TX,3133,95,
Fayette,TX,2229,50,
Fisher,TX,290,13,
Floyd,TX,749,29,
Foard,TX,117,8,
Fort Bend,TX,55548,534,
Franklin,TX,676,22,
Freestone,TX,1756,40,
Frio,TX,2576,38,
Gaines,TX,1411,39,
Galveston,TX,33525,327,
Garza,TX,351,19,
Gillespie,TX,2298,46,
Glasscock,TX,97,2,
Goliad,TX,405,13,
Gonzales,TX,2480,47,
Gray,TX,2043,50,
Grayson,TX,10613,297,
Gregg,TX,10561,292,
Grimes,TX,3363,60,
Guadalupe,TX,12571,180,
Hale,TX,6008,151,
Hall,TX,416,14,
Hamilton,TX,737,24,
Hansford,TX,789,19,
Hardeman,TX,362,12,
Hardin,TX,4766,89,
Harris,TX,340559,4790,
Harrison,TX,4487,90,
Hartley,TX,412,2,
Haskell,TX,427,21,
Hays,TX,17598,202,
Hemphill,TX,542,2,
Henderson,TX,5448,148,
Hidalgo,TX,71658,2584,
Hill,TX,4275,88,
Hockley,TX,2290,98,
Hood,TX,6090,107,
Hopkins,TX,2852,99,
Houston,TX,1528,37,
Howard,TX,4465,95,
Hudspeth,TX,490,11,
Hunt,TX,5255,137,
Hutchinson,TX,1509,68,
Irion,TX,107,1,
Jack,TX,596,13,
Jackson,TX,1572,28,
Jasper,TX,2268,70,
Jeff Davis,TX,171,2,
Jefferson,TX,17837,334,
Jim Hogg,TX,601,14,
Jim Wells,TX,3799,81,
Johnson,TX,18149,304,
Jones,TX,2729,46,
Karnes,TX,1669,31,
Kaufman,TX,14425,210,
Kendall,TX,2690,58,
Kenedy,TX,33,2,
Kent,TX,77,1,
Kerr,TX,3987,79,
Kimble,TX,253,6,
King,TX,13,0,
Kinney,TX,332,6,
Kleberg,TX,2325,77,
Knox,TX,248,14,
La Salle,TX,807,21,
Lamar,TX,5561,140,
Lamb,TX,1956,79,
Lampasas,TX,2016,26,
Lavaca,TX,2179,69,
Lee,TX,1943,36,
Leon,TX,1517,36,
Liberty,TX,6718,153,
Limestone,TX,2573,57,
Lipscomb,TX,290,11,
Live Oak,TX,1090,19,
Llano,TX,1460,43,
Loving,TX,1,0,
Lubbock,TX,47954,756,
Lynn,TX,607,22,
Madison,TX,1849,24,
Marion,TX,509,24,
Martin,TX,612,18,
Mason,TX,373,4,
Matagorda,TX,3090,88,
Maverick,TX,10031,281,
Mcculloch,TX,519,15,
Mclennan,TX,24268,421,
Mcmullen,TX,80,4,
Medina,TX,4538,91,
Menard,TX,204,7,
Midland,TX,16140,234,
Milam,TX,2219,37,
Mills,TX,610,20,
Mitchell,TX,575,29,
Montague,TX,1968,59,
Montgomery,TX,44060,432,
Moore,TX,2203,68,
Morris,TX,818,23,
Motley,TX,83,7,
Nacogdoches,TX,3997,141,
Navarro,TX,5475,112,
Newton,TX,563,29,
Nolan,TX,1488,49,
Nueces,TX,35430,687,
Ochiltree,TX,1023,25,
Oldham,TX,233,3,
Orange,TX,7264,100,
Palo Pinto,TX,2738,63,
Panola,TX,1463,59,
Parker,TX,14409,158,
Parmer,TX,1155,34,
Pecos,TX,1444,32,
Polk,TX,2857,87,
Potter,TX,16730,393,
Presidio,TX,780,23,
Rains,TX,747,23,
Randall,TX,16055,268,
Reagan,TX,365,8,
Real,TX,296,12,
Red River,TX,635,34,
Reeves,TX,1698,38,
Refugio,TX,601,17,
Roberts,TX,55,1,
Robertson,TX,1989,32,
Rockwall,TX,10274,116,
Runnels,TX,1242,36,
Rusk,TX,3658,89,
Sabine,TX,489,38,
San Augustine,TX,526,29,
San Jacinto,TX,958,24,
San Patricio,TX,3977,127,
San Saba,TX,811,19,
Schleicher,TX,224,6,
Scurry,TX,3380,60,
Shackelford,TX,247,2,
Shelby,TX,1508,51,
Sherman,TX,136,12,
Smith,TX,18555,387,
Somervell,TX,1023,10,
Starr,TX,8701,254,
Stephens,TX,738,24,
Sterling,TX,103,4,
Stonewall,TX,149,6,
Sutton,TX,455,8,
Swisher,TX,743,16,
Tarrant,TX,237676,2731,
Taylor,TX,14956,354,
Terrell,TX,74,2,
Terry,TX,1675,54,
Throckmorton,TX,72,5,
Titus,TX,3557,74,
Tom Green,TX,16200,247,
Travis,TX,73538,809,
Trinity,TX,648,20,
Tyler,TX,1149,31,
Upshur,TX,3105,55,
Upton,TX,360,9,
Uvalde,TX,3402,57,
Val Verde,TX,7580,187,
Van Zandt,TX,3893,103,
Victoria,TX,7765,167,
Walker,TX,8413,111,
Waller,TX,3361,38,
Ward,TX,1098,20,
Washington,TX,3603,80,
Webb,TX,42470,765,
Wharton,TX,3699,98,
Wheeler,TX,471,9,
Wichita,TX,14358,330,
Wilbarger,TX,1837,51,
Willacy,TX,2363,76,
Williamson,TX,39586,377,
Wilson,TX,3793,55,
Winkler,TX,699,20,
Wise,TX,6801,109,
Wood,TX,3177,112,
Yoakum,TX,862,26,
Young,TX,2078,38,
Zapata,TX,1706,24,
Zavala,TX,1750,35,
Beaver,UT,627,4,
Box Elder,UT,4772,42,
Cache,UT,14614,34,
Carbon,UT,1387,11,
Daggett,UT,37,0,
Davis,UT,34072,133,
Duchesne,UT,1099,9,
Emery,UT,771,8,
Garfield,UT,407,9,
Grand,UT,657,3,
Iron,UT,4882,29,
Juab,UT,1181,10,
Kane,UT,486,3,
Millard,UT,1354,10,
Morgan,UT,1116,11,
Piute,UT,96,2,
Rich,UT,123,0,
Salt Lake,UT,136602,726,
San Juan,UT,1789,36,
Sanpete,UT,3458,19,
Sevier,UT,1971,8,
Summit,UT,4899,8,
Tooele,UT,6376,30,
Uintah,UT,2174,18,
Utah,UT,88741,315,
Wasatch,UT,4273,19,
Washington,UT,19801,176,
Wayne,UT,122,0,
Weber,UT,26356,157,
Accomack,VA,2545,35,
Albemarle,VA,4530,39,
Alexandria city,VA,10113,104,
Alleghany,VA,1154,39,
Amelia,VA,743,12,
Amherst,VA,2632,13,
Appomattox,VA,1377,9,
Arlington,VA,12768,212,
Augusta,VA,5107,53,
Bath,VA,240,8,
Bedford,VA,5675,45,
Bland,VA,617,9,
Botetourt,VA,2082,21,
Bristol city,VA,1210,27,
Brunswick,VA,1171,11,
Buchanan,VA,1282,32,
Buckingham,VA,2021,20,
Buena Vista city,VA,821,12,
Campbell,VA,3921,33,
Caroline,VA,1774,14,
Carroll,VA,2062,58,
Charles City,VA,388,10,
Charlotte,VA,724,10,
Charlottesville city,VA,3374,40,
Chesapeake city,VA,17619,147,
Chesterfield,VA,22835,216,
Clarke,VA,745,13,
Colonial Heights city,VA,1281,34,
Covington city,VA,632,5,
Craig,VA,234,3,
Culpeper,VA,3998,39,
Cumberland,VA,367,4,
Danville city,VA,4168,92,
Dickenson,VA,864,14,
Dinwiddie,VA,1724,20,
Emporia city,VA,611,35,
Essex,VA,619,4,
Fairfax,VA,64750,834,
Fairfax city,VA,476,12,
Falls Church city,VA,334,7,
Fauquier,VA,3835,37,
Floyd,VA,720,18,
Fluvanna,VA,1270,13,
Franklin,VA,3646,42,
Franklin city,VA,951,25,
Frederick,VA,6625,49,
Fredericksburg city,VA,1722,14,
Galax city,VA,982,43,
Giles,VA,1032,9,
Gloucester,VA,1804,29,
Goochland,VA,1189,8,
Grayson,VA,1101,28,
Greene,VA,966,5,
Greensville,VA,1439,19,
Halifax,VA,2319,56,
Hampton city,VA,8322,88,
Hanover,VA,6457,105,
Harrisonburg city,VA,5606,68,
Henrico,VA,20736,359,
Henry,VA,4099,83,
Highland,VA,89,0,
Hopewell city,VA,2013,23,
Isle of Wight,VA,2531,43,
James City,VA,3750,45,
King George,VA,1386,12,
King William,VA,849,6,
King And Queen,VA,297,4,
Lancaster,VA,638,4,
Lee,VA,2254,38,
Lexington city,VA,1057,19,
Loudoun,VA,22486,195,
Louisa,VA,1654,13,
Lunenburg,VA,619,4,
Lynchburg city,VA,6826,90,
Madison,VA,527,7,
Manassas Park city,VA,1112,8,
Manassas city,VA,3938,33,
Martinsville city,VA,1479,44,
Mathews,VA,515,7,
Mecklenburg,VA,1936,47,
Middlesex,VA,483,16,
Montgomery,VA,7191,71,
Nelson,VA,745,7,
New Kent,VA,1199,7,
Newport News city,VA,10995,115,
Norfolk city,VA,14394,158,
Northampton,VA,692,32,
Northumberland,VA,644,13,
Norton city,VA,235,4,
Nottoway,VA,1767,29,
Orange,VA,1779,19,
Page,VA,1791,41,
Patrick,VA,1170,32,
Petersburg city,VA,2961,39,
Pittsylvania,VA,4637,56,
Poquoson city,VA,687,10,
Portsmouth city,VA,7435,125,
Powhatan,VA,1610,7,
Prince Edward,VA,1911,21,
Prince George,VA,2860,10,
Prince William,VA,38420,328,
Pulaski,VA,2263,46,
Radford city,VA,1862,11,
Rappahannock,VA,287,2,
Richmond,VA,1367,7,
Richmond city,VA,14297,148,
Roanoke,VA,7163,94,
Roanoke city,VA,7336,129,
Rockbridge,VA,1246,29,
Rockingham,VA,5964,77,
Russell,VA,2001,27,
Salem city,VA,1848,33,
Scott,VA,1563,47,
Shenandoah,VA,3649,102,
Smyth,VA,2495,83,
Southampton,VA,1830,49,
Spotsylvania,VA,8070,88,
Stafford,VA,9312,55,
Staunton city,VA,2374,56,
Suffolk city,VA,6671,129,
Surry,VA,346,5,
Sussex,VA,1035,16,
Tazewell,VA,3149,39,
VA Beach city,VA,29552,247,
Warren,VA,2226,40,
Washington,VA,4237,88,
Waynesboro city,VA,2094,27,
Westmoreland,VA,1097,16,
Williamsburg city,VA,507,9,
Winchester city,VA,2434,22,
Wise,VA,2797,85,
Wythe,VA,1992,45,
York,VA,2895,22,
St. Croix,VI,1053,9,
St. John,VI,212,1,
St. Thomas,VI,1310,15,
Addison,VT,685,8,
Bennington,VT,1352,8,
Caledonia,VT,401,5,
Chittenden,VT,4590,83,
Essex,VT,158,1,
Franklin,VT,1107,35,
Grand Isle,VT,97,0,
Lamoille,VT,420,2,
Orange,VT,482,2,
Orleans,VT,404,6,
Rutland,VT,1227,9,
Washington,VT,1404,13,
Windham,VT,909,12,
Windsor,VT,1007,9,
Adams,WA,1897,21,
Asotin,WA,1275,28,
Benton,WA,14793,202,
Chelan,WA,6179,62,
Clallam,WA,963,6,
Clark,WA,18551,224,
Columbia,WA,114,4,
Cowlitz,WA,4157,57,
Douglas,WA,3207,22,
Ferry,WA,204,4,
Franklin,WA,10974,97,
Garfield,WA,112,4,
Grant,WA,8794,108,
Grays Harbor,WA,3263,45,
Island,WA,1272,26,
Jefferson,WA,331,2,
King,WA,82617,1359,
Kitsap,WA,5632,84,
Kittitas,WA,2186,30,
Klickitat,WA,653,8,
Lewis,WA,3608,47,
Lincoln,WA,335,5,
Mason,WA,2238,22,
Okanogan,WA,2093,36,
Pacific,WA,699,9,
Pend Oreille,WA,595,5,
Pierce,WA,37574,527,
San Juan,WA,121,0,
Skagit,WA,4323,58,
Skamania,WA,253,1,
Snohomish,WA,30297,526,
Spokane,WA,36617,565,
Stevens,WA,1559,23,
Thurston,WA,7010,76,
Wahkiakum,WA,78,0,
Walla Walla,WA,4671,57,
Whatcom,WA,6439,81,
Whitman,WA,3276,42,
Yakima,WA,27224,413,
Adams,WI,1723,15,
Ashland,WI,1236,16,
Barron,WI,5427,75,
Bayfield,WI,1130,19,
Brown,WI,32323,235,
Buffalo,WI,1338,7,
Burnett,WI,1306,23,
Calumet,WI,5949,45,
Chippewa,WI,7173,92,
Clark,WI,3533,61,
Columbia,WI,5360,59,
Crawford,WI,1709,17,
Dane,WI,41296,290,
Dodge,WI,12111,176,
Door,WI,2594,24,
Douglas,WI,4193,38,
Dunn,WI,4541,28,
Eau Claire,WI,11209,114,
Florence,WI,466,12,
Fond du Lac,WI,12902,99,
Forest,WI,992,26,
Grant,WI,5293,84,
Green,WI,3151,22,
Green Lake,WI,1940,21,
Iowa,WI,1930,10,
Iron,WI,646,39,
Jackson,WI,2615,23,
Jefferson,WI,8745,84,
Juneau,WI,3051,20,
Kenosha,WI,16788,314,
Kewaunee,WI,2574,28,
La Crosse,WI,12764,75,
Lafayette,WI,1579,8,
Langlade,WI,2080,43,
Lincoln,WI,3074,73,
Manitowoc,WI,8294,80,
Marathon,WI,14873,204,
Marinette,WI,4346,64,
Marquette,WI,1472,26,
Menominee,WI,797,11,
Milwaukee,WI,106159,1258,
Monroe,WI,4341,31,
Oconto,WI,4685,55,
Oneida,WI,3464,70,
Outagamie,WI,21284,201,
Ozaukee,WI,8456,80,
Pepin,WI,820,7,
Pierce,WI,4310,39,
Polk,WI,3896,45,
Portage,WI,6922,67,
Price,WI,1240,7,
Racine,WI,22743,343,
Richland,WI,1301,13,
Rock,WI,15817,165,
Rusk,WI,1283,17,
Sauk,WI,5451,45,
Sawyer,WI,1518,21,
Shawano,WI,5057,81,
Sheboygan,WI,13471,134,
St. Croix,WI,7895,46,
Taylor,WI,2003,29,
Trempealeau,WI,3460,38,
Vernon,WI,1867,39,
Vilas,WI,2201,38,
Walworth,WI,11146,143,
Washburn,WI,1353,20,
Washington,WI,15377,137,
Waukesha,WI,44289,513,
Waupaca,WI,5602,156,
Waushara,WI,2394,33,
Winnebago,WI,19560,201,
Wood,WI,7086,84,
Barbour,WV,1163,21,
Berkeley,WV,9532,98,
Boone,WV,1538,30,
Braxton,WV,769,1,
Brooke,WV,1983,49,
Cabell,WV,7646,158,
Calhoun,WV,218,0,
Clay,WV,370,4,
Doddridge,WV,460,6,
Fayette,WV,2587,69,
Gilmer,WV,699,7,
Grant,WV,1044,25,
Greenbrier,WV,2371,52,
Hampshire,WV,1491,27,
Hancock,WV,2565,85,
Hardy,WV,1257,20,
Harrison,WV,4788,70,
Jackson,WV,1638,50,
Jefferson,WV,3560,37,
Kanawha,WV,11795,277,
Lewis,WV,1012,14,
Lincoln,WV,1198,13,
Logan,WV,2643,72,
Marion,WV,3601,32,
Marshall,WV,2967,66,
Mason,WV,1746,36,
Mcdowell,WV,1334,19,
Mercer,WV,4138,103,
Mineral,WV,2567,77,
Mingo,WV,2082,33,
Monongalia,WV,7716,68,
Monroe,WV,930,12,
Morgan,WV,909,13,
Nicholas,WV,1154,12,
Ohio,WV,3567,67,
Pendleton,WV,617,5,
Pleasants,WV,794,17,
Pocahontas,WV,580,9,
Preston,WV,2499,41,
Putnam,WV,4116,74,
Raleigh,WV,4561,54,
Randolph,WV,2356,9,
Ritchie,WV,604,9,
Roane,WV,488,7,
Summers,WV,696,22,
Taylor,WV,1072,21,
Tucker,WV,495,7,
Tyler,WV,607,4,
Upshur,WV,1640,30,
Wayne,WV,2576,31,
Webster,WV,289,2,
Wetzel,WV,1062,19,
Wirt,WV,341,2,
Wood,WV,6908,129,
Wyoming,WV,1716,33,
Albany,WY,3880,11,
Big Horn,WY,1055,29,
Campbell,WY,4646,57,
Carbon,WY,1408,21,
Converse,WY,960,16,
Crook,WY,417,11,
Fremont,WY,4764,81,
Goshen,WY,1139,22,
Hot Springs,WY,359,3,
Johnson,WY,615,9,
Laramie,WY,8122,105,
Lincoln,WY,1202,11,
Natrona,WY,7658,127,
Niobrara,WY,147,2,
Park,WY,2590,26,
Platte,WY,580,11,
Sheridan,WY,2988,27,
Sublette,WY,671,7,
Sweetwater,WY,3645,34,
Teton,WY,3318,9,
Uinta,WY,2024,12,
Washakie,WY,876,26,